-- ============================================================================
-- School Scheduling System - Demo Data Loading Script
-- ============================================================================
-- This script loads the same demo data used in DemoDataGenerator.java
-- Corresponds to the data generated in:
-- - generateTeachers()
-- - generateCourses()
-- - generateRooms()
-- - generateTimeslots()
-- - generateGroups()
-- - generateCourseAssignments()
-- ============================================================================

-- Set client encoding to UTF-8 for proper handling of special characters
SET client_encoding = 'UTF8';

-- Clear existing data (in correct order due to foreign keys)
DELETE FROM course_assignment;
DELETE FROM group_course;
DELETE FROM teacher_qualification;
DELETE FROM teacher_availability;
DELETE FROM student_group;
DELETE FROM timeslot;
DELETE FROM room;
DELETE FROM course;
DELETE FROM teacher;

-- ============================================================================
-- TEACHERS DATA
-- ============================================================================
-- 22 teachers with varying maxHoursPerWeek (sorted by capacity in Java)
-- Note: Java sorts by maxHoursPerWeek ascending, so order matters for consistency
-- Note: ID is generated from lastName (sanitized)


INSERT INTO teacher (id,"name",last_name,max_hours_per_week) VALUES
	 ('48JAABL','JUAN ANTONIO','ACEVEDO BELLO',40),
	 ('48DLAOS','DIANA LIZZETE','ANTUNEZ ORTIZ',40),
	 ('48SLAMX','SUSANA LEONOR','ARIZA MOTA',40),
	 ('48JBWW','JOSE','BAHENA WENCES',40),
	 ('48ABCD','ANDRES','BARRIOS CASARRUBIAS',40),
	 ('46ICJJ','ISAI','CANTOR JIMON',20),
	 ('46IJCAC','IRVING JAIR','CASTILLO AVILA',20),
	 ('48JACAO','JOAQUIN ANGEL','CASTREJON ANGLI',40),
	 ('48BCCH','BALBINA','CATALAN CARDEÑO',40),
	 ('46FNDZM','FRANCISCO NARCES','DAVILA ZURITA',20),
	 ('46REJW','RODRIGO','ESPINOSA JAVIER',20),
	 ('48LFGB','LETICIA','FLORES GARCIA',40),
	 ('47CGHF','CESAR','GARCIA HERNANDEZ',30),
	 ('48HGRV','HUGO','GARCIA RAMIREZ',40),
	 ('48MAGCE','MIGUEL ANGEL','GUZMAN CONTRERAS',40),
	 ('48YHGY','YASIR','HERRERA GARCIA',40),
	 ('48AJAA','ANTONIO','JIMENEZ ALTAMIRANO',40),
	 ('48DRLST','DIANA ROSARIO','LLUCK SOBERANIS',40),
	 ('48GMMW','GUSTAVO','MELO MARTINEZ',40),
	 ('47LMMH','LORENA','MORALES MUÑIZ',30),
	 ('46LDNRU','LUCIA DANIELA','NUÑEZ RESENDIZ',20),
	 ('46JCRCH','JOSE CARLOS','RETANA CHAPARRO',20),
	 ('47FRSK','FRANCISCA','REYES SALAZAR',30),
	 ('48RRGA','ROGELIO','RIOS GALLARDO',40),
	 ('48ERNG','ENRIQUE','ROJAS NANDY',40),
	 ('48PBRAW','PABLO BENITO','ROSETE ALEMAN',40),
	 ('48ASOZ','ALFREDO','SALAS OCAMPO',40),
	 ('48ASMQ','ANTONIO','SALGADO MORGAN',40),
	 ('45EUSAY','EDGAR URIEL','SALMERON ASCENCIO',45),
	 ('48LSCA','LUIS','SANCHEZ CASTAÑEDA',40),
	 ('48ISOS','ISRAEL','SANTANA OLIVARES',40),
	 ('45LDLSRF','LETICIA','DE LOS SANTOS REYES',45),
	 ('48ASOJ','ALFREDO','SOLIS OLEA',40),
	 ('46MASOX','MARCO ANTONIO','SOLIS OLEA',20),
	 ('48YESMV','YARA ESTHER','SUCRE MENDEZ',40),
	 ('46IUAW','ITZEL','URIBE ARIZMENDI',20),
	 ('47SVPH','SANTIAGO','VAZQUEZ PRESTEGUI',30),
	 ('46YVVGF','YAJAIRA VIRIDIANA','VELELA GONZALEZ',20),
	 ('45MVVX','MARIO','VERDIGUEL VELEZ',45),
	 ('46IZML','IVAN','ZACAPALA MAGNO',20);


-- ============================================================================
-- TEACHER QUALIFICATIONS
-- ============================================================================


INSERT INTO teacher_qualification (teacher_id,qualification) VALUES
	 ('48JAABL','PENSAMIENTO MATEMATICO II'),
	 ('48DLAOS','INTERACCIONES HUMANAS CON LA NATURALEZA'),
	 ('48DLAOS','ORGANISMOS: ESTRUCTURAS Y PROCESOS. HERENCIA Y EVOLUCIÓN BIOLÓGICA'),
	 ('48SLAMX','REALIZA ANALISIS FISICOS Y QUIMICOS A LA MATERIA PRIMA'),
	 ('48SLAMX','REALIZA ANALISIS MICROBIOLOGICOS A LA MATERIA PRIMA'),
	 ('48JBWW','HUMANIDADES I'),
	 ('48JBWW','HUMANISMO Y PENSAMIENTO FILOSÓFICO EN MÉXICO'),
	 ('48ABCD','GESTIONA DOCUMENTACION DEL AREA DE RECURSOS HUMANOS'),
	 ('48ABCD','PROMUEVE CONDICIONES DE TRABAJO SALUDABLES EN LA ORGANIZACION'),
	 ('48ABCD','AUXILIA EN EL CÁLCULO DE LA NOMINA EXTRAORDINARIA'),
	 ('48ABCD','AUXILIA EN EL CÁLCULO DE LA NOMINA ORDINARIA'),
	 ('46ICJJ','PENSAMIENTO MATEMATICO II'),
	 ('46IJCAC','RECURSOS SOCIOEMOCIONALES IV'),
	 ('46IJCAC','MANTIENE EQUIPOS DE REFRIGERACION'),
	 ('48JACAO','INGLES II'),
	 ('48BCCH','CULTURA DIGITAL II'),
	 ('46FNDZM','PROGRAMA PLC PARA SISTEMAS AUTOMATIZADOS'),
	 ('46FNDZM','INSTALA SISTEMAS ELECTRONICOS INDUSTRIALES AUTOMATIZADOS'),
	 ('46REJW','INGLES II'),
	 ('48LFGB','DISEÑA SOFTWARE DE SISTEMAS INFORMATICOS'),
	 ('48LFGB','CODIFICA SOFTWARE DE SISTEMAS INFORMATICOS'),
	 ('48LFGB','IMPLEMENTA SOFTWARE DE SISTEMAS INFORMATICOS'),
	 ('48LFGB','CULTURA DIGITAL II'),
	 ('47CGHF','REALIZA INSTALACIONES DE CIRCUITOS ELECTRONICOS EN SISTEMAS ELECTROMECANICOS'),
	 ('47CGHF','CONSTRUYE ESTRUCTURAS METALICAS PARA LA INDUSTRIA'),
	 ('47CGHF','RECURSOS SOCIOEMOCIONALES IV'),
	 ('48HGRV','REALIZA MANTENIMIENTO A SISTEMAS ELECTRICOS DE POTENCIA'),
	 ('48HGRV','INSTALA SISTEMAS ELECTRONICOS DOMOTICOS'),
	 ('48HGRV','PENSAMIENTO MATEMATICO II'),
	 ('48HGRV','IMPLEMENTA SCRIPTS EN UN LENGUAJE DE PROGRAMACION PARA SOL DE PROB DE SEGURIDAD'),
	 ('48MAGCE','CIENCIAS SOCIALES II'),
	 ('48MAGCE','CIENCIAS SOCIALES III'),
	 ('48YHGY','CONSERVACION DE LA ENERGIA Y SUS INTERACCIONES CON LA MATERIA'),
	 ('48AJAA','TEMAS SELECTOS DE MATEMATICAS I'),
	 ('48AJAA','TEMAS SELECTOS DE MATEMATICAS III'),
	 ('48DRLST','PENSAMIENTO MATEMATICO II'),
	 ('48DRLST','TEMAS SELECTOS DE MATEMATICAS III'),
	 ('48GMMW','LENGUA Y COMUNICACION II'),
	 ('47LMMH','CIENCIAS SOCIALES II'),
	 ('47LMMH','DETECTA VULNERABILIDADES EN SISTEMAS INFORMATICOS'),
	 ('46LDNRU','REACCIONES QUIMICAS: CONSERVACION DE LA MATERIA EN LA FORMACION DE NUEVAS SUSTANCIAS'),
	 ('46JCRCH','CULTURA DIGITAL II'),
	 ('47FRSK','AUXILIA EN PROCEDIMIENTOS ADMINISTRATIVOS Y NORMATIVOS PARA IMPORTACIONES Y EXPORTACIONES DE MERCANCIAS'),
	 ('48RRGA','MAQUINA PIEZAS MECANICAS EN TORNO Y FRESADORA CONVENCIONAL'),
	 ('48RRGA','MAQUINA PIEZAS MECANICAS EN TORNO Y FRESADORA CNC'),
	 ('48RRGA','MANTIENE EQUIPOS HIDRAULICOS'),
	 ('48RRGA','MANTIENE EQUIPOS NEUMATICOS'),
	 ('48ERNG','IMPLEMENTA BASE DE DATOS RELACIONALES EN UN SISTEMA DE INFORMACION'),
	 ('48ERNG','IMPLEMENTA BASE DE DATOS NO RELACIONALES EN UN SISTEMA DE INFORMACION'),
	 ('48PBRAW','REALIZA INSTALACIONES ELECTRICAS EN EQUIPOS ELECTROMECANICOS'),
	 ('48ASOZ','CONSERVACION DE LA ENERGIA Y SUS INTERACCIONES CON LA MATERIA'),
	 ('48ASMQ','PERSPECTIVAS DEL MEXICO ANTIGUO EN LOS CONTECTOS GLOBALES'),
	 ('48ASMQ','LA REALIDAD ACTUAL EN PERPECTIVA HISTORICA'),
	 ('45EUSAY','LENGUA Y COMUNICACION II'),
	 ('48LSCA','RECURSO SOCIOEMOCIONAL II'),
	 ('48LSCA','PENSAMIENTO MATEMATICO II'),
	 ('48LSCA','TEMAS SELECTOS DE MATEMATICAS I'),
	 ('48ISOS','CULTURA DIGITAL II'),
	 ('48ISOS','DISEÑA ALGORITMOS DE PROBLEMAS DE SEGURIDAD'),
	 ('45LDLSRF','PENSAMIENTO FILOSOFICO Y HUMANIDADES II'),
	 ('48ASOJ','CONSERVACION DE LA ENERGIA Y SUS INTERACCIONES CON LA MATERIA'),
	 ('48ASOJ','ORGANISMOS: ESTRUCTURAS Y PROCESOS. HERENCIA Y EVOLUCIÓN BIOLÓGICA'),
	 ('46MASOX','DISEÑA PLANOS Y DIAGRAMAS ELECTRICOS Y ELECTRONICOS DE SISTEMAS ELECTROMECANICOS'),
	 ('48YESMV','REALIZA ANALISIS FISICOS Y QUIMICOS A LA MATERIA PRIMA'),
	 ('48YESMV','REALIZA ANALISIS MICROBIOLOGICOS A LA MATERIA PRIMA'),
	 ('48YESMV','REALIZA LOS PROCESOS DE TRANSFORMACION DE DIFERENTES PRODUCTOS CARNICOS'),
	 ('48YESMV','REALIZA LOS PROCESOS DE TRANSFORMACIÓN DE CEREALES Y PRODUCTOS DERIVADOS'),
	 ('46IUAW','REALIZA ANALISIS FISICOS, QUIMICOS Y MICROBIOLOGICOS PERTINENTES'),
	 ('46IUAW','INTERACCIONES HUMANAS CON LA NATURALEZA'),
	 ('47SVPH','EJECUTA PROCEDIMIENTOS ADMINISTRATIVOS DEL AREA DE RECURSOS HUMANOS'),
	 ('47SVPH','VERIFICA LA DOCUMENTACION PARA LA IMPORTACION Y EXPORTACION DE MERCANCIAS'),
	 ('47SVPH','GESTIONA LOS PROCESOS DE CAPACITACION PARA EL DESARROLLO DEL TALENTO HUMANO'),
	 ('46YVVGF','INGLES IV'),
	 ('45MVVX','CULTURA DIGITAL II'),
	 ('45MVVX','DESARROLLA ALGORITMOS PARA SOLUCIONAR PROBLEMAS'),
	 ('46IZML','REACCIONES QUIMICAS: CONSERVACION DE LA MATERIA EN LA FORMACION DE NUEVAS SUSTANCIAS');


-- ============================================================================
-- TEACHER AVAILABILITY
-- ============================================================================
-- Most teachers available Mon-Fri 7-15, with some variations
-- Helper function would be ideal, but we'll generate inline

-- Function to generate availability for a teacher
-- Parameters: teacher_id, days (1-5 for Mon-Fri), start_hour, end_hour

INSERT INTO teacher_availability (teacher_id, day_of_week, hour)
SELECT '48JAABL', d, h
FROM generate_series(1, 5) AS d  -- Mon-Fri
CROSS JOIN generate_series(7, 14) AS h;

INSERT INTO teacher_availability (teacher_id, day_of_week, hour)
SELECT '48DLAOS', d, h
FROM generate_series(1, 5) AS d
CROSS JOIN generate_series(7, 14) AS h;

INSERT INTO teacher_availability (teacher_id, day_of_week, hour)
SELECT '48SLAMX', d, h
FROM generate_series(1, 5) AS d
CROSS JOIN generate_series(7, 14) AS h;

INSERT INTO teacher_availability (teacher_id,day_of_week,"hour",created_at) VALUES
	 ('48JBWW',1,7,'2026-01-18 10:52:35.177905'),
	 ('48JBWW',1,8,'2026-01-18 10:52:35.178961'),
	 ('48JBWW',1,9,'2026-01-18 10:52:35.180394'),
	 ('48JBWW',1,10,'2026-01-18 10:52:35.182838'),
	 ('48JBWW',1,11,'2026-01-18 10:52:35.182838'),
	 ('48JBWW',1,12,'2026-01-18 10:52:35.184828'),
	 ('48JBWW',1,13,'2026-01-18 10:52:35.186168'),
	 ('48JBWW',1,14,'2026-01-18 10:52:35.188564'),
	 ('48JBWW',2,7,'2026-01-18 10:52:35.190559'),
	 ('48JBWW',2,8,'2026-01-18 10:52:35.191756');
INSERT INTO teacher_availability (teacher_id,day_of_week,"hour",created_at) VALUES
	 ('48JBWW',2,9,'2026-01-18 10:52:35.192781'),
	 ('48JBWW',2,10,'2026-01-18 10:52:35.195082'),
	 ('48JBWW',2,11,'2026-01-18 10:52:35.195082'),
	 ('48JBWW',2,12,'2026-01-18 10:52:35.1977'),
	 ('48JBWW',2,13,'2026-01-18 10:52:35.198697'),
	 ('48JBWW',2,14,'2026-01-18 10:52:35.201002'),
	 ('48JBWW',3,7,'2026-01-18 10:52:35.21029'),
	 ('48JBWW',3,8,'2026-01-18 10:52:35.212581'),
	 ('48JBWW',3,9,'2026-01-18 10:52:35.21505'),
	 ('48JBWW',3,10,'2026-01-18 10:52:35.215557');
INSERT INTO teacher_availability (teacher_id,day_of_week,"hour",created_at) VALUES
	 ('48JBWW',3,11,'2026-01-18 10:52:35.21682'),
	 ('48JBWW',3,12,'2026-01-18 10:52:35.217959'),
	 ('48JBWW',3,13,'2026-01-18 10:52:35.219191'),
	 ('48JBWW',3,14,'2026-01-18 10:52:35.221562'),
	 ('48JBWW',4,7,'2026-01-18 10:52:35.22259'),
	 ('48JBWW',4,8,'2026-01-18 10:52:35.223596'),
	 ('48JBWW',4,9,'2026-01-18 10:52:35.225103'),
	 ('48JBWW',4,10,'2026-01-18 10:52:35.226423'),
	 ('48JBWW',4,11,'2026-01-18 10:52:35.226423'),
	 ('48JBWW',4,12,'2026-01-18 10:52:35.227661');
INSERT INTO teacher_availability (teacher_id,day_of_week,"hour",created_at) VALUES
	 ('48JBWW',4,13,'2026-01-18 10:52:35.228894'),
	 ('48JBWW',4,14,'2026-01-18 10:52:35.231181'),
	 ('48JBWW',5,7,'2026-01-18 10:52:35.232556'),
	 ('48JBWW',5,8,'2026-01-18 10:52:35.233655'),
	 ('48JBWW',5,9,'2026-01-18 10:52:35.235162'),
	 ('48JBWW',5,10,'2026-01-18 10:52:35.235162'),
	 ('48JBWW',5,11,'2026-01-18 10:52:35.236555'),
	 ('48JBWW',5,12,'2026-01-18 10:52:35.237698'),
	 ('48JBWW',5,13,'2026-01-18 10:52:35.239052'),
	 ('48JBWW',5,14,'2026-01-18 10:52:35.240152');
INSERT INTO teacher_availability (teacher_id,day_of_week,"hour",created_at) VALUES
	 ('48ABCD',1,7,'2026-01-18 10:52:35.254854'),
	 ('48ABCD',1,8,'2026-01-18 10:52:35.255916'),
	 ('48ABCD',1,9,'2026-01-18 10:52:35.257183'),
	 ('48ABCD',1,10,'2026-01-18 10:52:35.258389'),
	 ('48ABCD',1,11,'2026-01-18 10:52:35.259583'),
	 ('48ABCD',1,12,'2026-01-18 10:52:35.260754'),
	 ('48ABCD',1,13,'2026-01-18 10:52:35.261938'),
	 ('48ABCD',1,14,'2026-01-18 10:52:35.263061'),
	 ('48ABCD',2,7,'2026-01-18 10:52:35.265254'),
	 ('48ABCD',2,8,'2026-01-18 10:52:35.265761');
INSERT INTO teacher_availability (teacher_id,day_of_week,"hour",created_at) VALUES
	 ('48ABCD',2,9,'2026-01-18 10:52:35.266909'),
	 ('48ABCD',2,10,'2026-01-18 10:52:35.269169'),
	 ('48ABCD',2,11,'2026-01-18 10:52:35.270474'),
	 ('48ABCD',2,12,'2026-01-18 10:52:35.270474'),
	 ('48ABCD',2,13,'2026-01-18 10:52:35.271778'),
	 ('48ABCD',2,14,'2026-01-18 10:52:35.273871'),
	 ('48ABCD',3,7,'2026-01-18 10:52:35.275377'),
	 ('48ABCD',3,8,'2026-01-18 10:52:35.276383'),
	 ('48ABCD',3,9,'2026-01-18 10:52:35.278841'),
	 ('48ABCD',3,10,'2026-01-18 10:52:35.27985');
INSERT INTO teacher_availability (teacher_id,day_of_week,"hour",created_at) VALUES
	 ('48ABCD',3,11,'2026-01-18 10:52:35.28201'),
	 ('48ABCD',3,12,'2026-01-18 10:52:35.284169'),
	 ('48ABCD',3,13,'2026-01-18 10:52:35.285167'),
	 ('48ABCD',3,14,'2026-01-18 10:52:35.286615'),
	 ('48ABCD',4,7,'2026-01-18 10:52:35.287824'),
	 ('48ABCD',4,8,'2026-01-18 10:52:35.289083'),
	 ('48ABCD',4,9,'2026-01-18 10:52:35.290297'),
	 ('48ABCD',4,10,'2026-01-18 10:52:35.291568'),
	 ('48ABCD',4,11,'2026-01-18 10:52:35.292642'),
	 ('48ABCD',4,12,'2026-01-18 10:52:35.293745');
INSERT INTO teacher_availability (teacher_id,day_of_week,"hour",created_at) VALUES
	 ('48ABCD',4,13,'2026-01-18 10:52:35.295252'),
	 ('48ABCD',4,14,'2026-01-18 10:52:35.296548'),
	 ('48ABCD',5,7,'2026-01-18 10:52:35.297643'),
	 ('48ABCD',5,8,'2026-01-18 10:52:35.299912'),
	 ('48ABCD',5,9,'2026-01-18 10:52:35.301924'),
	 ('48ABCD',5,10,'2026-01-18 10:52:35.302929'),
	 ('48ABCD',5,11,'2026-01-18 10:52:35.304314'),
	 ('48ABCD',5,12,'2026-01-18 10:52:35.305312'),
	 ('48ABCD',5,13,'2026-01-18 10:52:35.307672'),
	 ('48ABCD',5,14,'2026-01-18 10:52:35.309176');
INSERT INTO teacher_availability (teacher_id,day_of_week,"hour",created_at) VALUES
	 ('46ICJJ',1,7,'2026-01-18 10:52:35.314312'),
	 ('46ICJJ',1,8,'2026-01-18 10:52:35.316494'),
	 ('46ICJJ',1,9,'2026-01-18 10:52:35.318848'),
	 ('46ICJJ',1,10,'2026-01-18 10:52:35.319854'),
	 ('46ICJJ',2,7,'2026-01-18 10:52:35.321166'),
	 ('46ICJJ',2,8,'2026-01-18 10:52:35.322474'),
	 ('46ICJJ',2,9,'2026-01-18 10:52:35.323541'),
	 ('46ICJJ',2,10,'2026-01-18 10:52:35.323541'),
	 ('46ICJJ',3,7,'2026-01-18 10:52:35.325047'),
	 ('46ICJJ',3,8,'2026-01-18 10:52:35.32616');
INSERT INTO teacher_availability (teacher_id,day_of_week,"hour",created_at) VALUES
	 ('46ICJJ',3,9,'2026-01-18 10:52:35.327336'),
	 ('46ICJJ',3,10,'2026-01-18 10:52:35.32857'),
	 ('46ICJJ',4,7,'2026-01-18 10:52:35.330715'),
	 ('46ICJJ',4,8,'2026-01-18 10:52:35.331715'),
	 ('46ICJJ',4,9,'2026-01-18 10:52:35.332881'),
	 ('46ICJJ',4,10,'2026-01-18 10:52:35.334069'),
	 ('46ICJJ',5,7,'2026-01-18 10:52:35.335066'),
	 ('46ICJJ',5,8,'2026-01-18 10:52:35.337469'),
	 ('46ICJJ',5,9,'2026-01-18 10:52:35.338941'),
	 ('46ICJJ',5,10,'2026-01-18 10:52:35.339951');
INSERT INTO teacher_availability (teacher_id,day_of_week,"hour",created_at) VALUES
	 ('46IJCAC',1,7,'2026-01-18 10:52:35.347323'),
	 ('46IJCAC',1,8,'2026-01-18 10:52:35.349337'),
	 ('46IJCAC',1,9,'2026-01-18 10:52:35.350347'),
	 ('46IJCAC',1,10,'2026-01-18 10:52:35.351376'),
	 ('46IJCAC',2,7,'2026-01-18 10:52:35.352414'),
	 ('46IJCAC',2,8,'2026-01-18 10:52:35.353548'),
	 ('46IJCAC',2,9,'2026-01-18 10:52:35.355055'),
	 ('46IJCAC',2,10,'2026-01-18 10:52:35.356256'),
	 ('46IJCAC',3,7,'2026-01-18 10:52:35.35735'),
	 ('46IJCAC',3,8,'2026-01-18 10:52:35.358358');
INSERT INTO teacher_availability (teacher_id,day_of_week,"hour",created_at) VALUES
	 ('46IJCAC',3,9,'2026-01-18 10:52:35.359636'),
	 ('46IJCAC',3,10,'2026-01-18 10:52:35.361667'),
	 ('46IJCAC',4,7,'2026-01-18 10:52:35.36267'),
	 ('46IJCAC',4,8,'2026-01-18 10:52:35.363675'),
	 ('46IJCAC',4,9,'2026-01-18 10:52:35.366227'),
	 ('46IJCAC',4,10,'2026-01-18 10:52:35.367617'),
	 ('46IJCAC',5,7,'2026-01-18 10:52:35.367617'),
	 ('46IJCAC',5,8,'2026-01-18 10:52:35.368965'),
	 ('46IJCAC',5,9,'2026-01-18 10:52:35.370056'),
	 ('46IJCAC',5,10,'2026-01-18 10:52:35.37213');
INSERT INTO teacher_availability (teacher_id,day_of_week,"hour",created_at) VALUES
	 ('48JACAO',1,7,'2026-01-18 10:52:35.375977'),
	 ('48JACAO',1,8,'2026-01-18 10:52:35.375977'),
	 ('48JACAO',1,9,'2026-01-18 10:52:35.377227'),
	 ('48JACAO',1,10,'2026-01-18 10:52:35.378264'),
	 ('48JACAO',1,11,'2026-01-18 10:52:35.379331'),
	 ('48JACAO',1,12,'2026-01-18 10:52:35.381368'),
	 ('48JACAO',1,13,'2026-01-18 10:52:35.382759'),
	 ('48JACAO',1,14,'2026-01-18 10:52:35.383764'),
	 ('48JACAO',2,7,'2026-01-18 10:52:35.383764'),
	 ('48JACAO',2,8,'2026-01-18 10:52:35.385271');
INSERT INTO teacher_availability (teacher_id,day_of_week,"hour",created_at) VALUES
	 ('48JACAO',2,9,'2026-01-18 10:52:35.387485'),
	 ('48JACAO',2,10,'2026-01-18 10:52:35.388492'),
	 ('48JACAO',2,11,'2026-01-18 10:52:35.389495'),
	 ('48JACAO',2,12,'2026-01-18 10:52:35.390565'),
	 ('48JACAO',2,13,'2026-01-18 10:52:35.391621'),
	 ('48JACAO',2,14,'2026-01-18 10:52:35.391621'),
	 ('48JACAO',3,7,'2026-01-18 10:52:35.393069'),
	 ('48JACAO',3,8,'2026-01-18 10:52:35.395095'),
	 ('48JACAO',3,9,'2026-01-18 10:52:35.395596'),
	 ('48JACAO',3,10,'2026-01-18 10:52:35.396886');
INSERT INTO teacher_availability (teacher_id,day_of_week,"hour",created_at) VALUES
	 ('48JACAO',3,11,'2026-01-18 10:52:35.399179'),
	 ('48JACAO',3,12,'2026-01-18 10:52:35.401753'),
	 ('48JACAO',3,13,'2026-01-18 10:52:35.403149'),
	 ('48JACAO',3,14,'2026-01-18 10:52:35.403149'),
	 ('48JACAO',4,7,'2026-01-18 10:52:35.404919'),
	 ('48JACAO',4,8,'2026-01-18 10:52:35.40604'),
	 ('48JACAO',4,9,'2026-01-18 10:52:35.407159'),
	 ('48JACAO',4,10,'2026-01-18 10:52:35.408667'),
	 ('48JACAO',4,11,'2026-01-18 10:52:35.408667'),
	 ('48JACAO',4,12,'2026-01-18 10:52:35.409929');
INSERT INTO teacher_availability (teacher_id,day_of_week,"hour",created_at) VALUES
	 ('48JACAO',4,13,'2026-01-18 10:52:35.411041'),
	 ('48JACAO',4,14,'2026-01-18 10:52:35.412202'),
	 ('48JACAO',5,7,'2026-01-18 10:52:35.413224'),
	 ('48JACAO',5,8,'2026-01-18 10:52:35.414439'),
	 ('48JACAO',5,9,'2026-01-18 10:52:35.414944'),
	 ('48JACAO',5,10,'2026-01-18 10:52:35.41733'),
	 ('48JACAO',5,11,'2026-01-18 10:52:35.41733'),
	 ('48JACAO',5,12,'2026-01-18 10:52:35.418572'),
	 ('48JACAO',5,13,'2026-01-18 10:52:35.419746'),
	 ('48JACAO',5,14,'2026-01-18 10:52:35.420978');
INSERT INTO teacher_availability (teacher_id,day_of_week,"hour",created_at) VALUES
	 ('48BCCH',1,7,'2026-01-18 10:52:35.424838'),
	 ('48BCCH',1,8,'2026-01-18 10:52:35.425903'),
	 ('48BCCH',1,9,'2026-01-18 10:52:35.426977'),
	 ('48BCCH',1,10,'2026-01-18 10:52:35.42822'),
	 ('48BCCH',1,11,'2026-01-18 10:52:35.429447'),
	 ('48BCCH',1,12,'2026-01-18 10:52:35.431661'),
	 ('48BCCH',1,13,'2026-01-18 10:52:35.432704'),
	 ('48BCCH',1,14,'2026-01-18 10:52:35.433713'),
	 ('48BCCH',2,7,'2026-01-18 10:52:35.435219'),
	 ('48BCCH',2,8,'2026-01-18 10:52:35.436415');
INSERT INTO teacher_availability (teacher_id,day_of_week,"hour",created_at) VALUES
	 ('48BCCH',2,9,'2026-01-18 10:52:35.43742'),
	 ('48BCCH',2,10,'2026-01-18 10:52:35.438447'),
	 ('48BCCH',2,11,'2026-01-18 10:52:35.440609'),
	 ('48BCCH',2,12,'2026-01-18 10:52:35.441663'),
	 ('48BCCH',2,13,'2026-01-18 10:52:35.441663'),
	 ('48BCCH',2,14,'2026-01-18 10:52:35.442941'),
	 ('48BCCH',3,7,'2026-01-18 10:52:35.443945'),
	 ('48BCCH',3,8,'2026-01-18 10:52:35.44494'),
	 ('48BCCH',3,9,'2026-01-18 10:52:35.445969'),
	 ('48BCCH',3,10,'2026-01-18 10:52:35.446971');
INSERT INTO teacher_availability (teacher_id,day_of_week,"hour",created_at) VALUES
	 ('48BCCH',3,11,'2026-01-18 10:52:35.447998'),
	 ('48BCCH',3,12,'2026-01-18 10:52:35.449118'),
	 ('48BCCH',3,13,'2026-01-18 10:52:35.450186'),
	 ('48BCCH',3,14,'2026-01-18 10:52:35.45142'),
	 ('48BCCH',4,7,'2026-01-18 10:52:35.45142'),
	 ('48BCCH',4,8,'2026-01-18 10:52:35.452425'),
	 ('48BCCH',4,9,'2026-01-18 10:52:35.453571'),
	 ('48BCCH',4,10,'2026-01-18 10:52:35.453571'),
	 ('48BCCH',4,11,'2026-01-18 10:52:35.455077'),
	 ('48BCCH',4,12,'2026-01-18 10:52:35.456201');
INSERT INTO teacher_availability (teacher_id,day_of_week,"hour",created_at) VALUES
	 ('48BCCH',4,13,'2026-01-18 10:52:35.457352'),
	 ('48BCCH',4,14,'2026-01-18 10:52:35.45835'),
	 ('48BCCH',5,7,'2026-01-18 10:52:35.45835'),
	 ('48BCCH',5,8,'2026-01-18 10:52:35.459641'),
	 ('48BCCH',5,9,'2026-01-18 10:52:35.460994'),
	 ('48BCCH',5,10,'2026-01-18 10:52:35.462015'),
	 ('48BCCH',5,11,'2026-01-18 10:52:35.463022'),
	 ('48BCCH',5,12,'2026-01-18 10:52:35.464068'),
	 ('48BCCH',5,13,'2026-01-18 10:52:35.465066'),
	 ('48BCCH',5,14,'2026-01-18 10:52:35.467505');
INSERT INTO teacher_availability (teacher_id,day_of_week,"hour",created_at) VALUES
	 ('46FNDZM',1,7,'2026-01-18 10:52:35.472746'),
	 ('46FNDZM',1,8,'2026-01-18 10:52:35.473823'),
	 ('46FNDZM',1,9,'2026-01-18 10:52:35.473823'),
	 ('46FNDZM',1,10,'2026-01-18 10:52:35.47533'),
	 ('46FNDZM',2,7,'2026-01-18 10:52:35.476475'),
	 ('46FNDZM',2,8,'2026-01-18 10:52:35.477539'),
	 ('46FNDZM',2,9,'2026-01-18 10:52:35.478549'),
	 ('46FNDZM',2,10,'2026-01-18 10:52:35.479646'),
	 ('46FNDZM',3,7,'2026-01-18 10:52:35.480893'),
	 ('46FNDZM',3,8,'2026-01-18 10:52:35.48189');
INSERT INTO teacher_availability (teacher_id,day_of_week,"hour",created_at) VALUES
	 ('46FNDZM',3,9,'2026-01-18 10:52:35.483366'),
	 ('46FNDZM',3,10,'2026-01-18 10:52:35.484874'),
	 ('46FNDZM',4,7,'2026-01-18 10:52:35.485783'),
	 ('46FNDZM',4,8,'2026-01-18 10:52:35.485783'),
	 ('46FNDZM',4,9,'2026-01-18 10:52:35.486863'),
	 ('46FNDZM',4,10,'2026-01-18 10:52:35.487926'),
	 ('46FNDZM',5,7,'2026-01-18 10:52:35.488968'),
	 ('46FNDZM',5,8,'2026-01-18 10:52:35.490006'),
	 ('46FNDZM',5,9,'2026-01-18 10:52:35.490006'),
	 ('46FNDZM',5,10,'2026-01-18 10:52:35.491019');
INSERT INTO teacher_availability (teacher_id,day_of_week,"hour",created_at) VALUES
	 ('46REJW',1,7,'2026-01-18 10:52:35.495717'),
	 ('46REJW',1,8,'2026-01-18 10:52:35.496753'),
	 ('46REJW',1,9,'2026-01-18 10:52:35.49878'),
	 ('46REJW',1,10,'2026-01-18 10:52:35.50079'),
	 ('46REJW',2,7,'2026-01-18 10:52:35.501908'),
	 ('46REJW',2,8,'2026-01-18 10:52:35.502935'),
	 ('46REJW',2,9,'2026-01-18 10:52:35.50394'),
	 ('46REJW',2,10,'2026-01-18 10:52:35.505449'),
	 ('46REJW',3,7,'2026-01-18 10:52:35.506452'),
	 ('46REJW',3,8,'2026-01-18 10:52:35.507766');
INSERT INTO teacher_availability (teacher_id,day_of_week,"hour",created_at) VALUES
	 ('46REJW',3,9,'2026-01-18 10:52:35.509926'),
	 ('46REJW',3,10,'2026-01-18 10:52:35.510934'),
	 ('46REJW',4,7,'2026-01-18 10:52:35.511941'),
	 ('46REJW',4,8,'2026-01-18 10:52:35.512948'),
	 ('46REJW',4,9,'2026-01-18 10:52:35.513956'),
	 ('46REJW',4,10,'2026-01-18 10:52:35.514989'),
	 ('46REJW',5,7,'2026-01-18 10:52:35.516161'),
	 ('46REJW',5,8,'2026-01-18 10:52:35.517358'),
	 ('46REJW',5,9,'2026-01-18 10:52:35.51855'),
	 ('46REJW',5,10,'2026-01-18 10:52:35.519776');
INSERT INTO teacher_availability (teacher_id,day_of_week,"hour",created_at) VALUES
	 ('48LFGB',1,7,'2026-01-18 10:52:35.528141'),
	 ('48LFGB',1,8,'2026-01-18 10:52:35.529238'),
	 ('48LFGB',1,9,'2026-01-18 10:52:35.530244'),
	 ('48LFGB',1,10,'2026-01-18 10:52:35.531251'),
	 ('48LFGB',1,11,'2026-01-18 10:52:35.532645'),
	 ('48LFGB',1,12,'2026-01-18 10:52:35.533737'),
	 ('48LFGB',1,13,'2026-01-18 10:52:35.533737'),
	 ('48LFGB',1,14,'2026-01-18 10:52:35.535283'),
	 ('48LFGB',2,7,'2026-01-18 10:52:35.536302'),
	 ('48LFGB',2,8,'2026-01-18 10:52:35.536302');
INSERT INTO teacher_availability (teacher_id,day_of_week,"hour",created_at) VALUES
	 ('48LFGB',2,9,'2026-01-18 10:52:35.537385'),
	 ('48LFGB',2,10,'2026-01-18 10:52:35.538388'),
	 ('48LFGB',2,11,'2026-01-18 10:52:35.539612'),
	 ('48LFGB',2,12,'2026-01-18 10:52:35.540616'),
	 ('48LFGB',2,13,'2026-01-18 10:52:35.541693'),
	 ('48LFGB',2,14,'2026-01-18 10:52:35.54273'),
	 ('48LFGB',3,7,'2026-01-18 10:52:35.543769'),
	 ('48LFGB',3,8,'2026-01-18 10:52:35.543769'),
	 ('48LFGB',3,9,'2026-01-18 10:52:35.545275'),
	 ('48LFGB',3,10,'2026-01-18 10:52:35.545275');
INSERT INTO teacher_availability (teacher_id,day_of_week,"hour",created_at) VALUES
	 ('48LFGB',3,11,'2026-01-18 10:52:35.546718'),
	 ('48LFGB',3,12,'2026-01-18 10:52:35.547874'),
	 ('48LFGB',3,13,'2026-01-18 10:52:35.550199'),
	 ('48LFGB',3,14,'2026-01-18 10:52:35.55124'),
	 ('48LFGB',4,7,'2026-01-18 10:52:35.55124'),
	 ('48LFGB',4,8,'2026-01-18 10:52:35.552264'),
	 ('48LFGB',4,9,'2026-01-18 10:52:35.553582'),
	 ('48LFGB',4,10,'2026-01-18 10:52:35.553582'),
	 ('48LFGB',4,11,'2026-01-18 10:52:35.555122'),
	 ('48LFGB',4,12,'2026-01-18 10:52:35.556165');
INSERT INTO teacher_availability (teacher_id,day_of_week,"hour",created_at) VALUES
	 ('48LFGB',4,13,'2026-01-18 10:52:35.557175'),
	 ('48LFGB',4,14,'2026-01-18 10:52:35.559256'),
	 ('48LFGB',5,7,'2026-01-18 10:52:35.559256'),
	 ('48LFGB',5,8,'2026-01-18 10:52:35.560293'),
	 ('48LFGB',5,9,'2026-01-18 10:52:35.561329'),
	 ('48LFGB',5,10,'2026-01-18 10:52:35.56235'),
	 ('48LFGB',5,11,'2026-01-18 10:52:35.563359'),
	 ('48LFGB',5,12,'2026-01-18 10:52:35.56594'),
	 ('48LFGB',5,13,'2026-01-18 10:52:35.566949'),
	 ('48LFGB',5,14,'2026-01-18 10:52:35.567953');
INSERT INTO teacher_availability (teacher_id,day_of_week,"hour",created_at) VALUES
	 ('47CGHF',1,7,'2026-01-18 10:52:35.57498'),
	 ('47CGHF',1,8,'2026-01-18 10:52:35.575519'),
	 ('47CGHF',1,9,'2026-01-18 10:52:35.57753'),
	 ('47CGHF',1,10,'2026-01-18 10:52:35.578553'),
	 ('47CGHF',1,11,'2026-01-18 10:52:35.580601'),
	 ('47CGHF',1,12,'2026-01-18 10:52:35.581598'),
	 ('47CGHF',2,7,'2026-01-18 10:52:35.583802'),
	 ('47CGHF',2,8,'2026-01-18 10:52:35.583802'),
	 ('47CGHF',2,9,'2026-01-18 10:52:35.586422'),
	 ('47CGHF',2,10,'2026-01-18 10:52:35.588461');
INSERT INTO teacher_availability (teacher_id,day_of_week,"hour",created_at) VALUES
	 ('47CGHF',2,11,'2026-01-18 10:52:35.589518'),
	 ('47CGHF',2,12,'2026-01-18 10:52:35.590658'),
	 ('47CGHF',3,7,'2026-01-18 10:52:35.591664'),
	 ('47CGHF',3,8,'2026-01-18 10:52:35.592668'),
	 ('47CGHF',3,9,'2026-01-18 10:52:35.594882'),
	 ('47CGHF',3,10,'2026-01-18 10:52:35.595901'),
	 ('47CGHF',3,11,'2026-01-18 10:52:35.596901'),
	 ('47CGHF',3,12,'2026-01-18 10:52:35.598095'),
	 ('47CGHF',4,7,'2026-01-18 10:52:35.599458'),
	 ('47CGHF',4,8,'2026-01-18 10:52:35.600463');
INSERT INTO teacher_availability (teacher_id,day_of_week,"hour",created_at) VALUES
	 ('47CGHF',4,9,'2026-01-18 10:52:35.601468'),
	 ('47CGHF',4,10,'2026-01-18 10:52:35.602482'),
	 ('47CGHF',4,11,'2026-01-18 10:52:35.603762'),
	 ('47CGHF',4,12,'2026-01-18 10:52:35.603762'),
	 ('47CGHF',5,7,'2026-01-18 10:52:35.60527'),
	 ('47CGHF',5,8,'2026-01-18 10:52:35.606289'),
	 ('47CGHF',5,9,'2026-01-18 10:52:35.60749'),
	 ('47CGHF',5,10,'2026-01-18 10:52:35.60749'),
	 ('47CGHF',5,11,'2026-01-18 10:52:35.610008'),
	 ('47CGHF',5,12,'2026-01-18 10:52:35.611023');
INSERT INTO teacher_availability (teacher_id,day_of_week,"hour",created_at) VALUES
	 ('48HGRV',1,7,'2026-01-18 10:52:35.619498'),
	 ('48HGRV',1,8,'2026-01-18 10:52:35.620506'),
	 ('48HGRV',1,9,'2026-01-18 10:52:35.622552'),
	 ('48HGRV',1,10,'2026-01-18 10:52:35.623559'),
	 ('48HGRV',1,11,'2026-01-18 10:52:35.623559'),
	 ('48HGRV',1,12,'2026-01-18 10:52:35.625071'),
	 ('48HGRV',1,13,'2026-01-18 10:52:35.626109'),
	 ('48HGRV',1,14,'2026-01-18 10:52:35.627188'),
	 ('48HGRV',2,7,'2026-01-18 10:52:35.628229'),
	 ('48HGRV',2,8,'2026-01-18 10:52:35.629273');
INSERT INTO teacher_availability (teacher_id,day_of_week,"hour",created_at) VALUES
	 ('48HGRV',2,9,'2026-01-18 10:52:35.630455'),
	 ('48HGRV',2,10,'2026-01-18 10:52:35.632663'),
	 ('48HGRV',2,11,'2026-01-18 10:52:35.632663'),
	 ('48HGRV',2,12,'2026-01-18 10:52:35.634006'),
	 ('48HGRV',2,13,'2026-01-18 10:52:35.635012'),
	 ('48HGRV',2,14,'2026-01-18 10:52:35.636062'),
	 ('48HGRV',3,7,'2026-01-18 10:52:35.636062'),
	 ('48HGRV',3,8,'2026-01-18 10:52:35.637068'),
	 ('48HGRV',3,9,'2026-01-18 10:52:35.637068'),
	 ('48HGRV',3,10,'2026-01-18 10:52:35.638458');
INSERT INTO teacher_availability (teacher_id,day_of_week,"hour",created_at) VALUES
	 ('48HGRV',3,11,'2026-01-18 10:52:35.63964'),
	 ('48HGRV',3,12,'2026-01-18 10:52:35.640678'),
	 ('48HGRV',3,13,'2026-01-18 10:52:35.640678'),
	 ('48HGRV',3,14,'2026-01-18 10:52:35.641715'),
	 ('48HGRV',4,7,'2026-01-18 10:52:35.642827'),
	 ('48HGRV',4,8,'2026-01-18 10:52:35.643832'),
	 ('48HGRV',4,9,'2026-01-18 10:52:35.644863'),
	 ('48HGRV',4,10,'2026-01-18 10:52:35.646442'),
	 ('48HGRV',4,11,'2026-01-18 10:52:35.647457'),
	 ('48HGRV',4,12,'2026-01-18 10:52:35.648674');
INSERT INTO teacher_availability (teacher_id,day_of_week,"hour",created_at) VALUES
	 ('48HGRV',4,13,'2026-01-18 10:52:35.650721'),
	 ('48HGRV',4,14,'2026-01-18 10:52:35.651732'),
	 ('48HGRV',5,7,'2026-01-18 10:52:35.652775'),
	 ('48HGRV',5,8,'2026-01-18 10:52:35.65383'),
	 ('48HGRV',5,9,'2026-01-18 10:52:35.654876'),
	 ('48HGRV',5,10,'2026-01-18 10:52:35.655896'),
	 ('48HGRV',5,11,'2026-01-18 10:52:35.655896'),
	 ('48HGRV',5,12,'2026-01-18 10:52:35.657426'),
	 ('48HGRV',5,13,'2026-01-18 10:52:35.658579'),
	 ('48HGRV',5,14,'2026-01-18 10:52:35.659617');
INSERT INTO teacher_availability (teacher_id,day_of_week,"hour",created_at) VALUES
	 ('48MAGCE',1,7,'2026-01-18 10:52:35.665224'),
	 ('48MAGCE',1,8,'2026-01-18 10:52:35.66772'),
	 ('48MAGCE',1,9,'2026-01-18 10:52:35.668756'),
	 ('48MAGCE',1,10,'2026-01-18 10:52:35.669759'),
	 ('48MAGCE',1,11,'2026-01-18 10:52:35.670877'),
	 ('48MAGCE',1,12,'2026-01-18 10:52:35.670877'),
	 ('48MAGCE',1,13,'2026-01-18 10:52:35.671901'),
	 ('48MAGCE',1,14,'2026-01-18 10:52:35.672941'),
	 ('48MAGCE',2,7,'2026-01-18 10:52:35.673992'),
	 ('48MAGCE',2,8,'2026-01-18 10:52:35.674987');
INSERT INTO teacher_availability (teacher_id,day_of_week,"hour",created_at) VALUES
	 ('48MAGCE',2,9,'2026-01-18 10:52:35.676481'),
	 ('48MAGCE',2,10,'2026-01-18 10:52:35.677571'),
	 ('48MAGCE',2,11,'2026-01-18 10:52:35.678712'),
	 ('48MAGCE',2,12,'2026-01-18 10:52:35.679751'),
	 ('48MAGCE',2,13,'2026-01-18 10:52:35.680754'),
	 ('48MAGCE',2,14,'2026-01-18 10:52:35.681751'),
	 ('48MAGCE',3,7,'2026-01-18 10:52:35.682836'),
	 ('48MAGCE',3,8,'2026-01-18 10:52:35.683839'),
	 ('48MAGCE',3,9,'2026-01-18 10:52:35.684838'),
	 ('48MAGCE',3,10,'2026-01-18 10:52:35.685962');
INSERT INTO teacher_availability (teacher_id,day_of_week,"hour",created_at) VALUES
	 ('48MAGCE',3,11,'2026-01-18 10:52:35.686965'),
	 ('48MAGCE',3,12,'2026-01-18 10:52:35.686965'),
	 ('48MAGCE',3,13,'2026-01-18 10:52:35.688351'),
	 ('48MAGCE',3,14,'2026-01-18 10:52:35.689774'),
	 ('48MAGCE',4,7,'2026-01-18 10:52:35.690854'),
	 ('48MAGCE',4,8,'2026-01-18 10:52:35.691935'),
	 ('48MAGCE',4,9,'2026-01-18 10:52:35.693031'),
	 ('48MAGCE',4,10,'2026-01-18 10:52:35.693031'),
	 ('48MAGCE',4,11,'2026-01-18 10:52:35.694132'),
	 ('48MAGCE',4,12,'2026-01-18 10:52:35.695668');
INSERT INTO teacher_availability (teacher_id,day_of_week,"hour",created_at) VALUES
	 ('48MAGCE',4,13,'2026-01-18 10:52:35.695668'),
	 ('48MAGCE',4,14,'2026-01-18 10:52:35.697802'),
	 ('48MAGCE',5,7,'2026-01-18 10:52:35.698872'),
	 ('48MAGCE',5,8,'2026-01-18 10:52:35.700296'),
	 ('48MAGCE',5,9,'2026-01-18 10:52:35.701302'),
	 ('48MAGCE',5,10,'2026-01-18 10:52:35.702359'),
	 ('48MAGCE',5,11,'2026-01-18 10:52:35.703409'),
	 ('48MAGCE',5,12,'2026-01-18 10:52:35.704919'),
	 ('48MAGCE',5,13,'2026-01-18 10:52:35.705976'),
	 ('48MAGCE',5,14,'2026-01-18 10:52:35.706983');
INSERT INTO teacher_availability (teacher_id,day_of_week,"hour",created_at) VALUES
	 ('48YHGY',1,7,'2026-01-18 10:52:35.710508'),
	 ('48YHGY',1,8,'2026-01-18 10:52:35.711515'),
	 ('48YHGY',1,9,'2026-01-18 10:52:35.712519'),
	 ('48YHGY',1,10,'2026-01-18 10:52:35.715142'),
	 ('48YHGY',1,11,'2026-01-18 10:52:35.716154'),
	 ('48YHGY',1,12,'2026-01-18 10:52:35.717629'),
	 ('48YHGY',1,13,'2026-01-18 10:52:35.718787'),
	 ('48YHGY',1,14,'2026-01-18 10:52:35.719895'),
	 ('48YHGY',2,7,'2026-01-18 10:52:35.720933'),
	 ('48YHGY',2,8,'2026-01-18 10:52:35.721936');
INSERT INTO teacher_availability (teacher_id,day_of_week,"hour",created_at) VALUES
	 ('48YHGY',2,9,'2026-01-18 10:52:35.722973'),
	 ('48YHGY',2,10,'2026-01-18 10:52:35.722973'),
	 ('48YHGY',2,11,'2026-01-18 10:52:35.72401'),
	 ('48YHGY',2,12,'2026-01-18 10:52:35.724973'),
	 ('48YHGY',2,13,'2026-01-18 10:52:35.726305'),
	 ('48YHGY',2,14,'2026-01-18 10:52:35.726305'),
	 ('48YHGY',3,7,'2026-01-18 10:52:35.727342'),
	 ('48YHGY',3,8,'2026-01-18 10:52:35.72838'),
	 ('48YHGY',3,9,'2026-01-18 10:52:35.729416'),
	 ('48YHGY',3,10,'2026-01-18 10:52:35.731416');
INSERT INTO teacher_availability (teacher_id,day_of_week,"hour",created_at) VALUES
	 ('48YHGY',3,11,'2026-01-18 10:52:35.732414'),
	 ('48YHGY',3,12,'2026-01-18 10:52:35.733525'),
	 ('48YHGY',3,13,'2026-01-18 10:52:35.735035'),
	 ('48YHGY',3,14,'2026-01-18 10:52:35.736091'),
	 ('48YHGY',4,7,'2026-01-18 10:52:35.737095'),
	 ('48YHGY',4,8,'2026-01-18 10:52:35.738119'),
	 ('48YHGY',4,9,'2026-01-18 10:52:35.739122'),
	 ('48YHGY',4,10,'2026-01-18 10:52:35.740257'),
	 ('48YHGY',4,11,'2026-01-18 10:52:35.740257'),
	 ('48YHGY',4,12,'2026-01-18 10:52:35.741294');
INSERT INTO teacher_availability (teacher_id,day_of_week,"hour",created_at) VALUES
	 ('48YHGY',4,13,'2026-01-18 10:52:35.742331'),
	 ('48YHGY',4,14,'2026-01-18 10:52:35.743435'),
	 ('48YHGY',5,7,'2026-01-18 10:52:35.743435'),
	 ('48YHGY',5,8,'2026-01-18 10:52:35.744978'),
	 ('48YHGY',5,9,'2026-01-18 10:52:35.74603'),
	 ('48YHGY',5,10,'2026-01-18 10:52:35.74603'),
	 ('48YHGY',5,11,'2026-01-18 10:52:35.748277'),
	 ('48YHGY',5,12,'2026-01-18 10:52:35.74958'),
	 ('48YHGY',5,13,'2026-01-18 10:52:35.750684'),
	 ('48YHGY',5,14,'2026-01-18 10:52:35.751762');
INSERT INTO teacher_availability (teacher_id,day_of_week,"hour",created_at) VALUES
	 ('48AJAA',1,7,'2026-01-18 10:52:35.756598'),
	 ('48AJAA',1,8,'2026-01-18 10:52:35.757606'),
	 ('48AJAA',1,9,'2026-01-18 10:52:35.758619'),
	 ('48AJAA',1,10,'2026-01-18 10:52:35.759624'),
	 ('48AJAA',1,11,'2026-01-18 10:52:35.76063'),
	 ('48AJAA',1,12,'2026-01-18 10:52:35.761666'),
	 ('48AJAA',1,13,'2026-01-18 10:52:35.762719'),
	 ('48AJAA',1,14,'2026-01-18 10:52:35.762719'),
	 ('48AJAA',2,7,'2026-01-18 10:52:35.763722'),
	 ('48AJAA',2,8,'2026-01-18 10:52:35.765265');
INSERT INTO teacher_availability (teacher_id,day_of_week,"hour",created_at) VALUES
	 ('48AJAA',2,9,'2026-01-18 10:52:35.766283'),
	 ('48AJAA',2,10,'2026-01-18 10:52:35.766283'),
	 ('48AJAA',2,11,'2026-01-18 10:52:35.767332'),
	 ('48AJAA',2,12,'2026-01-18 10:52:35.768386'),
	 ('48AJAA',2,13,'2026-01-18 10:52:35.769557'),
	 ('48AJAA',2,14,'2026-01-18 10:52:35.769557'),
	 ('48AJAA',3,7,'2026-01-18 10:52:35.770621'),
	 ('48AJAA',3,8,'2026-01-18 10:52:35.770621'),
	 ('48AJAA',3,9,'2026-01-18 10:52:35.772065'),
	 ('48AJAA',3,10,'2026-01-18 10:52:35.773067');
INSERT INTO teacher_availability (teacher_id,day_of_week,"hour",created_at) VALUES
	 ('48AJAA',3,11,'2026-01-18 10:52:35.774065'),
	 ('48AJAA',3,12,'2026-01-18 10:52:35.775105'),
	 ('48AJAA',3,13,'2026-01-18 10:52:35.775645'),
	 ('48AJAA',3,14,'2026-01-18 10:52:35.775645'),
	 ('48AJAA',4,7,'2026-01-18 10:52:35.777068'),
	 ('48AJAA',4,8,'2026-01-18 10:52:35.778199'),
	 ('48AJAA',4,9,'2026-01-18 10:52:35.779196'),
	 ('48AJAA',4,10,'2026-01-18 10:52:35.779196'),
	 ('48AJAA',4,11,'2026-01-18 10:52:35.780328'),
	 ('48AJAA',4,12,'2026-01-18 10:52:35.781742');
INSERT INTO teacher_availability (teacher_id,day_of_week,"hour",created_at) VALUES
	 ('48AJAA',4,13,'2026-01-18 10:52:35.782802'),
	 ('48AJAA',4,14,'2026-01-18 10:52:35.783806'),
	 ('48AJAA',5,7,'2026-01-18 10:52:35.783806'),
	 ('48AJAA',5,8,'2026-01-18 10:52:35.785331'),
	 ('48AJAA',5,9,'2026-01-18 10:52:35.785331'),
	 ('48AJAA',5,10,'2026-01-18 10:52:35.786428'),
	 ('48AJAA',5,11,'2026-01-18 10:52:35.787621'),
	 ('48AJAA',5,12,'2026-01-18 10:52:35.788659'),
	 ('48AJAA',5,13,'2026-01-18 10:52:35.788659'),
	 ('48AJAA',5,14,'2026-01-18 10:52:35.789664');
INSERT INTO teacher_availability (teacher_id,day_of_week,"hour",created_at) VALUES
	 ('48DRLST',1,7,'2026-01-18 10:52:35.793772'),
	 ('48DRLST',1,8,'2026-01-18 10:52:35.795313'),
	 ('48DRLST',1,9,'2026-01-18 10:52:35.796332'),
	 ('48DRLST',1,10,'2026-01-18 10:52:35.79733'),
	 ('48DRLST',1,11,'2026-01-18 10:52:35.798545'),
	 ('48DRLST',1,12,'2026-01-18 10:52:35.799686'),
	 ('48DRLST',1,13,'2026-01-18 10:52:35.800847'),
	 ('48DRLST',1,14,'2026-01-18 10:52:35.801954'),
	 ('48DRLST',2,7,'2026-01-18 10:52:35.801954'),
	 ('48DRLST',2,8,'2026-01-18 10:52:35.803058');
INSERT INTO teacher_availability (teacher_id,day_of_week,"hour",created_at) VALUES
	 ('48DRLST',2,9,'2026-01-18 10:52:35.804116'),
	 ('48DRLST',2,10,'2026-01-18 10:52:35.805113'),
	 ('48DRLST',2,11,'2026-01-18 10:52:35.805617'),
	 ('48DRLST',2,12,'2026-01-18 10:52:35.806618'),
	 ('48DRLST',2,13,'2026-01-18 10:52:35.807615'),
	 ('48DRLST',2,14,'2026-01-18 10:52:35.809122'),
	 ('48DRLST',3,7,'2026-01-18 10:52:35.809122'),
	 ('48DRLST',3,8,'2026-01-18 10:52:35.810179'),
	 ('48DRLST',3,9,'2026-01-18 10:52:35.811176'),
	 ('48DRLST',3,10,'2026-01-18 10:52:35.812174');
INSERT INTO teacher_availability (teacher_id,day_of_week,"hour",created_at) VALUES
	 ('48DRLST',3,11,'2026-01-18 10:52:35.813171'),
	 ('48DRLST',3,12,'2026-01-18 10:52:35.814449'),
	 ('48DRLST',3,13,'2026-01-18 10:52:35.816303'),
	 ('48DRLST',3,14,'2026-01-18 10:52:35.817361'),
	 ('48DRLST',4,7,'2026-01-18 10:52:35.818387'),
	 ('48DRLST',4,8,'2026-01-18 10:52:35.818387'),
	 ('48DRLST',4,9,'2026-01-18 10:52:35.819474'),
	 ('48DRLST',4,10,'2026-01-18 10:52:35.820476'),
	 ('48DRLST',4,11,'2026-01-18 10:52:35.821586'),
	 ('48DRLST',4,12,'2026-01-18 10:52:35.822608');
INSERT INTO teacher_availability (teacher_id,day_of_week,"hour",created_at) VALUES
	 ('48DRLST',4,13,'2026-01-18 10:52:35.822608'),
	 ('48DRLST',4,14,'2026-01-18 10:52:35.823754'),
	 ('48DRLST',5,7,'2026-01-18 10:52:35.823754'),
	 ('48DRLST',5,8,'2026-01-18 10:52:35.82526'),
	 ('48DRLST',5,9,'2026-01-18 10:52:35.82629'),
	 ('48DRLST',5,10,'2026-01-18 10:52:35.827621'),
	 ('48DRLST',5,11,'2026-01-18 10:52:35.828639'),
	 ('48DRLST',5,12,'2026-01-18 10:52:35.829754'),
	 ('48DRLST',5,13,'2026-01-18 10:52:35.830962'),
	 ('48DRLST',5,14,'2026-01-18 10:52:35.831969');
INSERT INTO teacher_availability (teacher_id,day_of_week,"hour",created_at) VALUES
	 ('48GMMW',1,7,'2026-01-18 10:52:35.838562'),
	 ('48GMMW',1,8,'2026-01-18 10:52:35.839601'),
	 ('48GMMW',1,9,'2026-01-18 10:52:35.840676'),
	 ('48GMMW',1,10,'2026-01-18 10:52:35.841897'),
	 ('48GMMW',1,11,'2026-01-18 10:52:35.843288'),
	 ('48GMMW',1,12,'2026-01-18 10:52:35.843288'),
	 ('48GMMW',1,13,'2026-01-18 10:52:35.8449'),
	 ('48GMMW',1,14,'2026-01-18 10:52:35.846197'),
	 ('48GMMW',2,7,'2026-01-18 10:52:35.847201'),
	 ('48GMMW',2,8,'2026-01-18 10:52:35.848306');
INSERT INTO teacher_availability (teacher_id,day_of_week,"hour",created_at) VALUES
	 ('48GMMW',2,9,'2026-01-18 10:52:35.849308'),
	 ('48GMMW',2,10,'2026-01-18 10:52:35.85067'),
	 ('48GMMW',2,11,'2026-01-18 10:52:35.852785'),
	 ('48GMMW',2,12,'2026-01-18 10:52:35.853869'),
	 ('48GMMW',2,13,'2026-01-18 10:52:35.854869'),
	 ('48GMMW',2,14,'2026-01-18 10:52:35.856162'),
	 ('48GMMW',3,7,'2026-01-18 10:52:35.857169'),
	 ('48GMMW',3,8,'2026-01-18 10:52:35.858181'),
	 ('48GMMW',3,9,'2026-01-18 10:52:35.860394'),
	 ('48GMMW',3,10,'2026-01-18 10:52:35.861462');
INSERT INTO teacher_availability (teacher_id,day_of_week,"hour",created_at) VALUES
	 ('48GMMW',3,11,'2026-01-18 10:52:35.862572'),
	 ('48GMMW',3,12,'2026-01-18 10:52:35.863689'),
	 ('48GMMW',3,13,'2026-01-18 10:52:35.865198'),
	 ('48GMMW',3,14,'2026-01-18 10:52:35.867459'),
	 ('48GMMW',4,7,'2026-01-18 10:52:35.867459'),
	 ('48GMMW',4,8,'2026-01-18 10:52:35.86857'),
	 ('48GMMW',4,9,'2026-01-18 10:52:35.869793'),
	 ('48GMMW',4,10,'2026-01-18 10:52:35.869793'),
	 ('48GMMW',4,11,'2026-01-18 10:52:35.870862'),
	 ('48GMMW',4,12,'2026-01-18 10:52:35.871884');
INSERT INTO teacher_availability (teacher_id,day_of_week,"hour",created_at) VALUES
	 ('48GMMW',4,13,'2026-01-18 10:52:35.87296'),
	 ('48GMMW',4,14,'2026-01-18 10:52:35.874095'),
	 ('48GMMW',5,7,'2026-01-18 10:52:35.875126'),
	 ('48GMMW',5,8,'2026-01-18 10:52:35.875634'),
	 ('48GMMW',5,9,'2026-01-18 10:52:35.876704'),
	 ('48GMMW',5,10,'2026-01-18 10:52:35.877742'),
	 ('48GMMW',5,11,'2026-01-18 10:52:35.878748'),
	 ('48GMMW',5,12,'2026-01-18 10:52:35.879754'),
	 ('48GMMW',5,13,'2026-01-18 10:52:35.880766'),
	 ('48GMMW',5,14,'2026-01-18 10:52:35.882862');
INSERT INTO teacher_availability (teacher_id,day_of_week,"hour",created_at) VALUES
	 ('47LMMH',1,7,'2026-01-18 10:52:35.888124'),
	 ('47LMMH',1,8,'2026-01-18 10:52:35.888124'),
	 ('47LMMH',1,9,'2026-01-18 10:52:35.890139'),
	 ('47LMMH',1,10,'2026-01-18 10:52:35.890139'),
	 ('47LMMH',1,11,'2026-01-18 10:52:35.891146'),
	 ('47LMMH',1,12,'2026-01-18 10:52:35.892248'),
	 ('47LMMH',2,7,'2026-01-18 10:52:35.893604'),
	 ('47LMMH',2,8,'2026-01-18 10:52:35.893604'),
	 ('47LMMH',2,9,'2026-01-18 10:52:35.895149'),
	 ('47LMMH',2,10,'2026-01-18 10:52:35.896173');
INSERT INTO teacher_availability (teacher_id,day_of_week,"hour",created_at) VALUES
	 ('47LMMH',2,11,'2026-01-18 10:52:35.897247'),
	 ('47LMMH',2,12,'2026-01-18 10:52:35.898299'),
	 ('47LMMH',3,7,'2026-01-18 10:52:35.89931'),
	 ('47LMMH',3,8,'2026-01-18 10:52:35.89931'),
	 ('47LMMH',3,9,'2026-01-18 10:52:35.90075'),
	 ('47LMMH',3,10,'2026-01-18 10:52:35.901796'),
	 ('47LMMH',3,11,'2026-01-18 10:52:35.902989'),
	 ('47LMMH',3,12,'2026-01-18 10:52:35.904194'),
	 ('47LMMH',4,7,'2026-01-18 10:52:35.904194'),
	 ('47LMMH',4,8,'2026-01-18 10:52:35.905193');
INSERT INTO teacher_availability (teacher_id,day_of_week,"hour",created_at) VALUES
	 ('47LMMH',4,9,'2026-01-18 10:52:35.906276'),
	 ('47LMMH',4,10,'2026-01-18 10:52:35.907662'),
	 ('47LMMH',4,11,'2026-01-18 10:52:35.907662'),
	 ('47LMMH',4,12,'2026-01-18 10:52:35.909171'),
	 ('47LMMH',5,7,'2026-01-18 10:52:35.910225'),
	 ('47LMMH',5,8,'2026-01-18 10:52:35.910225'),
	 ('47LMMH',5,9,'2026-01-18 10:52:35.911554'),
	 ('47LMMH',5,10,'2026-01-18 10:52:35.911554'),
	 ('47LMMH',5,11,'2026-01-18 10:52:35.913021'),
	 ('47LMMH',5,12,'2026-01-18 10:52:35.914037');
INSERT INTO teacher_availability (teacher_id,day_of_week,"hour",created_at) VALUES
	 ('46LDNRU',1,7,'2026-01-18 10:52:35.918371'),
	 ('46LDNRU',1,8,'2026-01-18 10:52:35.919374'),
	 ('46LDNRU',1,9,'2026-01-18 10:52:35.920486'),
	 ('46LDNRU',1,10,'2026-01-18 10:52:35.92149'),
	 ('46LDNRU',2,7,'2026-01-18 10:52:35.922549'),
	 ('46LDNRU',2,8,'2026-01-18 10:52:35.923557'),
	 ('46LDNRU',2,9,'2026-01-18 10:52:35.923557'),
	 ('46LDNRU',2,10,'2026-01-18 10:52:35.925064'),
	 ('46LDNRU',3,7,'2026-01-18 10:52:35.926299'),
	 ('46LDNRU',3,8,'2026-01-18 10:52:35.926299');
INSERT INTO teacher_availability (teacher_id,day_of_week,"hour",created_at) VALUES
	 ('46LDNRU',3,9,'2026-01-18 10:52:35.927518'),
	 ('46LDNRU',3,10,'2026-01-18 10:52:35.928524'),
	 ('46LDNRU',4,7,'2026-01-18 10:52:35.92953'),
	 ('46LDNRU',4,8,'2026-01-18 10:52:35.930533'),
	 ('46LDNRU',4,9,'2026-01-18 10:52:35.931723'),
	 ('46LDNRU',4,10,'2026-01-18 10:52:35.932817'),
	 ('46LDNRU',5,7,'2026-01-18 10:52:35.932817'),
	 ('46LDNRU',5,8,'2026-01-18 10:52:35.93425'),
	 ('46LDNRU',5,9,'2026-01-18 10:52:35.935256'),
	 ('46LDNRU',5,10,'2026-01-18 10:52:35.935256');
INSERT INTO teacher_availability (teacher_id,day_of_week,"hour",created_at) VALUES
	 ('46JCRCH',1,7,'2026-01-18 10:52:35.938757'),
	 ('46JCRCH',1,8,'2026-01-18 10:52:35.939761'),
	 ('46JCRCH',1,9,'2026-01-18 10:52:35.941248'),
	 ('46JCRCH',1,10,'2026-01-18 10:52:35.941248'),
	 ('46JCRCH',2,7,'2026-01-18 10:52:35.942305'),
	 ('46JCRCH',2,8,'2026-01-18 10:52:35.943307'),
	 ('46JCRCH',2,9,'2026-01-18 10:52:35.94417'),
	 ('46JCRCH',2,10,'2026-01-18 10:52:35.94417'),
	 ('46JCRCH',3,7,'2026-01-18 10:52:35.945174'),
	 ('46JCRCH',3,8,'2026-01-18 10:52:35.94641');
INSERT INTO teacher_availability (teacher_id,day_of_week,"hour",created_at) VALUES
	 ('46JCRCH',3,9,'2026-01-18 10:52:35.94641'),
	 ('46JCRCH',3,10,'2026-01-18 10:52:35.948619'),
	 ('46JCRCH',4,7,'2026-01-18 10:52:35.949683'),
	 ('46JCRCH',4,8,'2026-01-18 10:52:35.949683'),
	 ('46JCRCH',4,9,'2026-01-18 10:52:35.950739'),
	 ('46JCRCH',4,10,'2026-01-18 10:52:35.952037'),
	 ('46JCRCH',5,7,'2026-01-18 10:52:35.952037'),
	 ('46JCRCH',5,8,'2026-01-18 10:52:35.953486'),
	 ('46JCRCH',5,9,'2026-01-18 10:52:35.953486'),
	 ('46JCRCH',5,10,'2026-01-18 10:52:35.954995');
INSERT INTO teacher_availability (teacher_id,day_of_week,"hour",created_at) VALUES
	 ('47FRSK',1,7,'2026-01-18 10:52:35.958066'),
	 ('47FRSK',1,8,'2026-01-18 10:52:35.959069'),
	 ('47FRSK',1,9,'2026-01-18 10:52:35.96007'),
	 ('47FRSK',1,10,'2026-01-18 10:52:35.96007'),
	 ('47FRSK',1,11,'2026-01-18 10:52:35.961735'),
	 ('47FRSK',1,12,'2026-01-18 10:52:35.962736'),
	 ('47FRSK',2,7,'2026-01-18 10:52:35.963777'),
	 ('47FRSK',2,8,'2026-01-18 10:52:35.965335'),
	 ('47FRSK',2,9,'2026-01-18 10:52:35.965335'),
	 ('47FRSK',2,10,'2026-01-18 10:52:35.96669');
INSERT INTO teacher_availability (teacher_id,day_of_week,"hour",created_at) VALUES
	 ('47FRSK',2,11,'2026-01-18 10:52:35.967784'),
	 ('47FRSK',2,12,'2026-01-18 10:52:35.968789'),
	 ('47FRSK',3,7,'2026-01-18 10:52:35.969928'),
	 ('47FRSK',3,8,'2026-01-18 10:52:35.969928'),
	 ('47FRSK',3,9,'2026-01-18 10:52:35.971158'),
	 ('47FRSK',3,10,'2026-01-18 10:52:35.971158'),
	 ('47FRSK',3,11,'2026-01-18 10:52:35.972308'),
	 ('47FRSK',3,12,'2026-01-18 10:52:35.973405'),
	 ('47FRSK',4,7,'2026-01-18 10:52:35.973405'),
	 ('47FRSK',4,8,'2026-01-18 10:52:35.974911');
INSERT INTO teacher_availability (teacher_id,day_of_week,"hour",created_at) VALUES
	 ('47FRSK',4,9,'2026-01-18 10:52:35.974911'),
	 ('47FRSK',4,10,'2026-01-18 10:52:35.976067'),
	 ('47FRSK',4,11,'2026-01-18 10:52:35.977167'),
	 ('47FRSK',4,12,'2026-01-18 10:52:35.97835'),
	 ('47FRSK',5,7,'2026-01-18 10:52:35.97835'),
	 ('47FRSK',5,8,'2026-01-18 10:52:35.979576'),
	 ('47FRSK',5,9,'2026-01-18 10:52:35.981771'),
	 ('47FRSK',5,10,'2026-01-18 10:52:35.98282'),
	 ('47FRSK',5,11,'2026-01-18 10:52:35.983824'),
	 ('47FRSK',5,12,'2026-01-18 10:52:35.983824');
INSERT INTO teacher_availability (teacher_id,day_of_week,"hour",created_at) VALUES
	 ('48RRGA',1,7,'2026-01-18 10:52:35.992549'),
	 ('48RRGA',1,8,'2026-01-18 10:52:35.992549'),
	 ('48RRGA',1,9,'2026-01-18 10:52:35.994474'),
	 ('48RRGA',1,10,'2026-01-18 10:52:35.995016'),
	 ('48RRGA',1,11,'2026-01-18 10:52:35.995016'),
	 ('48RRGA',1,12,'2026-01-18 10:52:35.997102'),
	 ('48RRGA',1,13,'2026-01-18 10:52:35.998103'),
	 ('48RRGA',1,14,'2026-01-18 10:52:35.999627'),
	 ('48RRGA',2,7,'2026-01-18 10:52:36.000677'),
	 ('48RRGA',2,8,'2026-01-18 10:52:36.000677');
INSERT INTO teacher_availability (teacher_id,day_of_week,"hour",created_at) VALUES
	 ('48RRGA',2,9,'2026-01-18 10:52:36.001816'),
	 ('48RRGA',2,10,'2026-01-18 10:52:36.002862'),
	 ('48RRGA',2,11,'2026-01-18 10:52:36.004089'),
	 ('48RRGA',2,12,'2026-01-18 10:52:36.005085'),
	 ('48RRGA',2,13,'2026-01-18 10:52:36.006323'),
	 ('48RRGA',2,14,'2026-01-18 10:52:36.007366'),
	 ('48RRGA',3,7,'2026-01-18 10:52:36.008413'),
	 ('48RRGA',3,8,'2026-01-18 10:52:36.009374'),
	 ('48RRGA',3,9,'2026-01-18 10:52:36.009912'),
	 ('48RRGA',3,10,'2026-01-18 10:52:36.010917');
INSERT INTO teacher_availability (teacher_id,day_of_week,"hour",created_at) VALUES
	 ('48RRGA',3,11,'2026-01-18 10:52:36.010917'),
	 ('48RRGA',3,12,'2026-01-18 10:52:36.012011'),
	 ('48RRGA',3,13,'2026-01-18 10:52:36.013051'),
	 ('48RRGA',3,14,'2026-01-18 10:52:36.014055'),
	 ('48RRGA',4,7,'2026-01-18 10:52:36.015086'),
	 ('48RRGA',4,8,'2026-01-18 10:52:36.015626'),
	 ('48RRGA',4,9,'2026-01-18 10:52:36.016632'),
	 ('48RRGA',4,10,'2026-01-18 10:52:36.017767'),
	 ('48RRGA',4,11,'2026-01-18 10:52:36.01881'),
	 ('48RRGA',4,12,'2026-01-18 10:52:36.019192');
INSERT INTO teacher_availability (teacher_id,day_of_week,"hour",created_at) VALUES
	 ('48RRGA',4,13,'2026-01-18 10:52:36.020227'),
	 ('48RRGA',4,14,'2026-01-18 10:52:36.021275'),
	 ('48RRGA',5,7,'2026-01-18 10:52:36.021275'),
	 ('48RRGA',5,8,'2026-01-18 10:52:36.022471'),
	 ('48RRGA',5,9,'2026-01-18 10:52:36.022471'),
	 ('48RRGA',5,10,'2026-01-18 10:52:36.023665'),
	 ('48RRGA',5,11,'2026-01-18 10:52:36.025175'),
	 ('48RRGA',5,12,'2026-01-18 10:52:36.026208'),
	 ('48RRGA',5,13,'2026-01-18 10:52:36.026208'),
	 ('48RRGA',5,14,'2026-01-18 10:52:36.027445');
INSERT INTO teacher_availability (teacher_id,day_of_week,"hour",created_at) VALUES
	 ('48ERNG',1,7,'2026-01-18 10:52:36.033976'),
	 ('48ERNG',1,8,'2026-01-18 10:52:36.034974'),
	 ('48ERNG',1,9,'2026-01-18 10:52:36.034974'),
	 ('48ERNG',1,10,'2026-01-18 10:52:36.036031'),
	 ('48ERNG',1,11,'2026-01-18 10:52:36.037077'),
	 ('48ERNG',1,12,'2026-01-18 10:52:36.038166'),
	 ('48ERNG',1,13,'2026-01-18 10:52:36.038166'),
	 ('48ERNG',1,14,'2026-01-18 10:52:36.03923'),
	 ('48ERNG',2,7,'2026-01-18 10:52:36.040301'),
	 ('48ERNG',2,8,'2026-01-18 10:52:36.040301');
INSERT INTO teacher_availability (teacher_id,day_of_week,"hour",created_at) VALUES
	 ('48ERNG',2,9,'2026-01-18 10:52:36.04133'),
	 ('48ERNG',2,10,'2026-01-18 10:52:36.042442'),
	 ('48ERNG',2,11,'2026-01-18 10:52:36.043456'),
	 ('48ERNG',2,12,'2026-01-18 10:52:36.043456'),
	 ('48ERNG',2,13,'2026-01-18 10:52:36.043456'),
	 ('48ERNG',2,14,'2026-01-18 10:52:36.044997'),
	 ('48ERNG',3,7,'2026-01-18 10:52:36.046051'),
	 ('48ERNG',3,8,'2026-01-18 10:52:36.047054'),
	 ('48ERNG',3,9,'2026-01-18 10:52:36.048533'),
	 ('48ERNG',3,10,'2026-01-18 10:52:36.049573');
INSERT INTO teacher_availability (teacher_id,day_of_week,"hour",created_at) VALUES
	 ('48ERNG',3,11,'2026-01-18 10:52:36.05061'),
	 ('48ERNG',3,12,'2026-01-18 10:52:36.051612'),
	 ('48ERNG',3,13,'2026-01-18 10:52:36.052792'),
	 ('48ERNG',3,14,'2026-01-18 10:52:36.053833'),
	 ('48ERNG',4,7,'2026-01-18 10:52:36.053833'),
	 ('48ERNG',4,8,'2026-01-18 10:52:36.055398'),
	 ('48ERNG',4,9,'2026-01-18 10:52:36.055398'),
	 ('48ERNG',4,10,'2026-01-18 10:52:36.056422'),
	 ('48ERNG',4,11,'2026-01-18 10:52:36.05745'),
	 ('48ERNG',4,12,'2026-01-18 10:52:36.058548');
INSERT INTO teacher_availability (teacher_id,day_of_week,"hour",created_at) VALUES
	 ('48ERNG',4,13,'2026-01-18 10:52:36.058548'),
	 ('48ERNG',4,14,'2026-01-18 10:52:36.059593'),
	 ('48ERNG',5,7,'2026-01-18 10:52:36.060661'),
	 ('48ERNG',5,8,'2026-01-18 10:52:36.061699'),
	 ('48ERNG',5,9,'2026-01-18 10:52:36.061699'),
	 ('48ERNG',5,10,'2026-01-18 10:52:36.062718'),
	 ('48ERNG',5,11,'2026-01-18 10:52:36.06378'),
	 ('48ERNG',5,12,'2026-01-18 10:52:36.065292'),
	 ('48ERNG',5,13,'2026-01-18 10:52:36.066396'),
	 ('48ERNG',5,14,'2026-01-18 10:52:36.067398');
INSERT INTO teacher_availability (teacher_id,day_of_week,"hour",created_at) VALUES
	 ('48PBRAW',1,7,'2026-01-18 10:52:36.070912'),
	 ('48PBRAW',1,8,'2026-01-18 10:52:36.071964'),
	 ('48PBRAW',1,9,'2026-01-18 10:52:36.071964'),
	 ('48PBRAW',1,10,'2026-01-18 10:52:36.073243'),
	 ('48PBRAW',1,11,'2026-01-18 10:52:36.07426'),
	 ('48PBRAW',1,12,'2026-01-18 10:52:36.075262'),
	 ('48PBRAW',1,13,'2026-01-18 10:52:36.076456'),
	 ('48PBRAW',1,14,'2026-01-18 10:52:36.076456'),
	 ('48PBRAW',2,7,'2026-01-18 10:52:36.077563'),
	 ('48PBRAW',2,8,'2026-01-18 10:52:36.078565');
INSERT INTO teacher_availability (teacher_id,day_of_week,"hour",created_at) VALUES
	 ('48PBRAW',2,9,'2026-01-18 10:52:36.07968'),
	 ('48PBRAW',2,10,'2026-01-18 10:52:36.08075'),
	 ('48PBRAW',2,11,'2026-01-18 10:52:36.081762'),
	 ('48PBRAW',2,12,'2026-01-18 10:52:36.082778'),
	 ('48PBRAW',2,13,'2026-01-18 10:52:36.083791'),
	 ('48PBRAW',2,14,'2026-01-18 10:52:36.085299'),
	 ('48PBRAW',3,7,'2026-01-18 10:52:36.08632'),
	 ('48PBRAW',3,8,'2026-01-18 10:52:36.08632'),
	 ('48PBRAW',3,9,'2026-01-18 10:52:36.087352'),
	 ('48PBRAW',3,10,'2026-01-18 10:52:36.088408');
INSERT INTO teacher_availability (teacher_id,day_of_week,"hour",created_at) VALUES
	 ('48PBRAW',3,11,'2026-01-18 10:52:36.08961'),
	 ('48PBRAW',3,12,'2026-01-18 10:52:36.08961'),
	 ('48PBRAW',3,13,'2026-01-18 10:52:36.090623'),
	 ('48PBRAW',3,14,'2026-01-18 10:52:36.091871'),
	 ('48PBRAW',4,7,'2026-01-18 10:52:36.092902'),
	 ('48PBRAW',4,8,'2026-01-18 10:52:36.092902'),
	 ('48PBRAW',4,9,'2026-01-18 10:52:36.094024'),
	 ('48PBRAW',4,10,'2026-01-18 10:52:36.095021'),
	 ('48PBRAW',4,11,'2026-01-18 10:52:36.095561'),
	 ('48PBRAW',4,12,'2026-01-18 10:52:36.096677');
INSERT INTO teacher_availability (teacher_id,day_of_week,"hour",created_at) VALUES
	 ('48PBRAW',4,13,'2026-01-18 10:52:36.097704'),
	 ('48PBRAW',4,14,'2026-01-18 10:52:36.098819'),
	 ('48PBRAW',5,7,'2026-01-18 10:52:36.099906'),
	 ('48PBRAW',5,8,'2026-01-18 10:52:36.100908'),
	 ('48PBRAW',5,9,'2026-01-18 10:52:36.101935'),
	 ('48PBRAW',5,10,'2026-01-18 10:52:36.102992'),
	 ('48PBRAW',5,11,'2026-01-18 10:52:36.102992'),
	 ('48PBRAW',5,12,'2026-01-18 10:52:36.103998'),
	 ('48PBRAW',5,13,'2026-01-18 10:52:36.105538'),
	 ('48PBRAW',5,14,'2026-01-18 10:52:36.106562');
INSERT INTO teacher_availability (teacher_id,day_of_week,"hour",created_at) VALUES
	 ('48ASOZ',1,7,'2026-01-18 10:52:36.110309'),
	 ('48ASOZ',1,8,'2026-01-18 10:52:36.111561'),
	 ('48ASOZ',1,9,'2026-01-18 10:52:36.1126'),
	 ('48ASOZ',1,10,'2026-01-18 10:52:36.113603'),
	 ('48ASOZ',1,11,'2026-01-18 10:52:36.115112'),
	 ('48ASOZ',1,12,'2026-01-18 10:52:36.116136'),
	 ('48ASOZ',1,13,'2026-01-18 10:52:36.117317'),
	 ('48ASOZ',1,14,'2026-01-18 10:52:36.118358'),
	 ('48ASOZ',2,7,'2026-01-18 10:52:36.119371'),
	 ('48ASOZ',2,8,'2026-01-18 10:52:36.120432');
INSERT INTO teacher_availability (teacher_id,day_of_week,"hour",created_at) VALUES
	 ('48ASOZ',2,9,'2026-01-18 10:52:36.121438'),
	 ('48ASOZ',2,10,'2026-01-18 10:52:36.122464'),
	 ('48ASOZ',2,11,'2026-01-18 10:52:36.123472'),
	 ('48ASOZ',2,12,'2026-01-18 10:52:36.124982'),
	 ('48ASOZ',2,13,'2026-01-18 10:52:36.124982'),
	 ('48ASOZ',2,14,'2026-01-18 10:52:36.126067'),
	 ('48ASOZ',3,7,'2026-01-18 10:52:36.127077'),
	 ('48ASOZ',3,8,'2026-01-18 10:52:36.128117'),
	 ('48ASOZ',3,9,'2026-01-18 10:52:36.12912'),
	 ('48ASOZ',3,10,'2026-01-18 10:52:36.13054');
INSERT INTO teacher_availability (teacher_id,day_of_week,"hour",created_at) VALUES
	 ('48ASOZ',3,11,'2026-01-18 10:52:36.131793'),
	 ('48ASOZ',3,12,'2026-01-18 10:52:36.132944'),
	 ('48ASOZ',3,13,'2026-01-18 10:52:36.133948'),
	 ('48ASOZ',3,14,'2026-01-18 10:52:36.134576'),
	 ('48ASOZ',4,7,'2026-01-18 10:52:36.135081'),
	 ('48ASOZ',4,8,'2026-01-18 10:52:36.136186'),
	 ('48ASOZ',4,9,'2026-01-18 10:52:36.136186'),
	 ('48ASOZ',4,10,'2026-01-18 10:52:36.137189'),
	 ('48ASOZ',4,11,'2026-01-18 10:52:36.137189'),
	 ('48ASOZ',4,12,'2026-01-18 10:52:36.138579');
INSERT INTO teacher_availability (teacher_id,day_of_week,"hour",created_at) VALUES
	 ('48ASOZ',4,13,'2026-01-18 10:52:36.139618'),
	 ('48ASOZ',4,14,'2026-01-18 10:52:36.140772'),
	 ('48ASOZ',5,7,'2026-01-18 10:52:36.141864'),
	 ('48ASOZ',5,8,'2026-01-18 10:52:36.141864'),
	 ('48ASOZ',5,9,'2026-01-18 10:52:36.142918'),
	 ('48ASOZ',5,10,'2026-01-18 10:52:36.14396'),
	 ('48ASOZ',5,11,'2026-01-18 10:52:36.144957'),
	 ('48ASOZ',5,12,'2026-01-18 10:52:36.144957'),
	 ('48ASOZ',5,13,'2026-01-18 10:52:36.14611'),
	 ('48ASOZ',5,14,'2026-01-18 10:52:36.148303');
INSERT INTO teacher_availability (teacher_id,day_of_week,"hour",created_at) VALUES
	 ('48ASMQ',1,7,'2026-01-18 10:52:36.152608'),
	 ('48ASMQ',1,8,'2026-01-18 10:52:36.153652'),
	 ('48ASMQ',1,9,'2026-01-18 10:52:36.153652'),
	 ('48ASMQ',1,10,'2026-01-18 10:52:36.155195'),
	 ('48ASMQ',1,11,'2026-01-18 10:52:36.155195'),
	 ('48ASMQ',1,12,'2026-01-18 10:52:36.156384'),
	 ('48ASMQ',1,13,'2026-01-18 10:52:36.157527'),
	 ('48ASMQ',1,14,'2026-01-18 10:52:36.158776'),
	 ('48ASMQ',2,7,'2026-01-18 10:52:36.158776'),
	 ('48ASMQ',2,8,'2026-01-18 10:52:36.159817');
INSERT INTO teacher_availability (teacher_id,day_of_week,"hour",created_at) VALUES
	 ('48ASMQ',2,9,'2026-01-18 10:52:36.160818'),
	 ('48ASMQ',2,10,'2026-01-18 10:52:36.160818'),
	 ('48ASMQ',2,11,'2026-01-18 10:52:36.161846'),
	 ('48ASMQ',2,12,'2026-01-18 10:52:36.162934'),
	 ('48ASMQ',2,13,'2026-01-18 10:52:36.164093'),
	 ('48ASMQ',2,14,'2026-01-18 10:52:36.165094'),
	 ('48ASMQ',3,7,'2026-01-18 10:52:36.166385'),
	 ('48ASMQ',3,8,'2026-01-18 10:52:36.166385'),
	 ('48ASMQ',3,9,'2026-01-18 10:52:36.16739'),
	 ('48ASMQ',3,10,'2026-01-18 10:52:36.168409');
INSERT INTO teacher_availability (teacher_id,day_of_week,"hour",created_at) VALUES
	 ('48ASMQ',3,11,'2026-01-18 10:52:36.169456'),
	 ('48ASMQ',3,12,'2026-01-18 10:52:36.169456'),
	 ('48ASMQ',3,13,'2026-01-18 10:52:36.17046'),
	 ('48ASMQ',3,14,'2026-01-18 10:52:36.17046'),
	 ('48ASMQ',4,7,'2026-01-18 10:52:36.171593'),
	 ('48ASMQ',4,8,'2026-01-18 10:52:36.172678'),
	 ('48ASMQ',4,9,'2026-01-18 10:52:36.172678'),
	 ('48ASMQ',4,10,'2026-01-18 10:52:36.174111'),
	 ('48ASMQ',4,11,'2026-01-18 10:52:36.175131'),
	 ('48ASMQ',4,12,'2026-01-18 10:52:36.17567');
INSERT INTO teacher_availability (teacher_id,day_of_week,"hour",created_at) VALUES
	 ('48ASMQ',4,13,'2026-01-18 10:52:36.176709'),
	 ('48ASMQ',4,14,'2026-01-18 10:52:36.176709'),
	 ('48ASMQ',5,7,'2026-01-18 10:52:36.177733'),
	 ('48ASMQ',5,8,'2026-01-18 10:52:36.178828'),
	 ('48ASMQ',5,9,'2026-01-18 10:52:36.178828'),
	 ('48ASMQ',5,10,'2026-01-18 10:52:36.180194'),
	 ('48ASMQ',5,11,'2026-01-18 10:52:36.181295'),
	 ('48ASMQ',5,12,'2026-01-18 10:52:36.182441'),
	 ('48ASMQ',5,13,'2026-01-18 10:52:36.182441'),
	 ('48ASMQ',5,14,'2026-01-18 10:52:36.183447');
INSERT INTO teacher_availability (teacher_id,day_of_week,"hour",created_at) VALUES
	 ('48LSCA',1,7,'2026-01-18 10:52:36.190615'),
	 ('48LSCA',1,8,'2026-01-18 10:52:36.19178'),
	 ('48LSCA',1,9,'2026-01-18 10:52:36.19178'),
	 ('48LSCA',1,10,'2026-01-18 10:52:36.192783'),
	 ('48LSCA',1,11,'2026-01-18 10:52:36.192783'),
	 ('48LSCA',1,12,'2026-01-18 10:52:36.194172'),
	 ('48LSCA',1,13,'2026-01-18 10:52:36.195168'),
	 ('48LSCA',1,14,'2026-01-18 10:52:36.195671'),
	 ('48LSCA',2,7,'2026-01-18 10:52:36.196775'),
	 ('48LSCA',2,8,'2026-01-18 10:52:36.19789');
INSERT INTO teacher_availability (teacher_id,day_of_week,"hour",created_at) VALUES
	 ('48LSCA',2,9,'2026-01-18 10:52:36.198899'),
	 ('48LSCA',2,10,'2026-01-18 10:52:36.199907'),
	 ('48LSCA',2,11,'2026-01-18 10:52:36.200914'),
	 ('48LSCA',2,12,'2026-01-18 10:52:36.202183'),
	 ('48LSCA',2,13,'2026-01-18 10:52:36.203192'),
	 ('48LSCA',2,14,'2026-01-18 10:52:36.204282'),
	 ('48LSCA',3,7,'2026-01-18 10:52:36.204282'),
	 ('48LSCA',3,8,'2026-01-18 10:52:36.205265'),
	 ('48LSCA',3,9,'2026-01-18 10:52:36.206278'),
	 ('48LSCA',3,10,'2026-01-18 10:52:36.207285');
INSERT INTO teacher_availability (teacher_id,day_of_week,"hour",created_at) VALUES
	 ('48LSCA',3,11,'2026-01-18 10:52:36.208297'),
	 ('48LSCA',3,12,'2026-01-18 10:52:36.209295'),
	 ('48LSCA',3,13,'2026-01-18 10:52:36.209802'),
	 ('48LSCA',3,14,'2026-01-18 10:52:36.210807'),
	 ('48LSCA',4,7,'2026-01-18 10:52:36.210807'),
	 ('48LSCA',4,8,'2026-01-18 10:52:36.211824'),
	 ('48LSCA',4,9,'2026-01-18 10:52:36.212865'),
	 ('48LSCA',4,10,'2026-01-18 10:52:36.213874'),
	 ('48LSCA',4,11,'2026-01-18 10:52:36.215385'),
	 ('48LSCA',4,12,'2026-01-18 10:52:36.21645');
INSERT INTO teacher_availability (teacher_id,day_of_week,"hour",created_at) VALUES
	 ('48LSCA',4,13,'2026-01-18 10:52:36.217458'),
	 ('48LSCA',4,14,'2026-01-18 10:52:36.219501'),
	 ('48LSCA',5,7,'2026-01-18 10:52:36.220508'),
	 ('48LSCA',5,8,'2026-01-18 10:52:36.22169'),
	 ('48LSCA',5,9,'2026-01-18 10:52:36.222816'),
	 ('48LSCA',5,10,'2026-01-18 10:52:36.222816'),
	 ('48LSCA',5,11,'2026-01-18 10:52:36.223842'),
	 ('48LSCA',5,12,'2026-01-18 10:52:36.225383'),
	 ('48LSCA',5,13,'2026-01-18 10:52:36.2264'),
	 ('48LSCA',5,14,'2026-01-18 10:52:36.227499');
INSERT INTO teacher_availability (teacher_id,day_of_week,"hour",created_at) VALUES
	 ('48ISOS',1,7,'2026-01-18 10:52:36.234121'),
	 ('48ISOS',1,8,'2026-01-18 10:52:36.235121'),
	 ('48ISOS',1,9,'2026-01-18 10:52:36.235121'),
	 ('48ISOS',1,10,'2026-01-18 10:52:36.236272'),
	 ('48ISOS',1,11,'2026-01-18 10:52:36.237334'),
	 ('48ISOS',1,12,'2026-01-18 10:52:36.238426'),
	 ('48ISOS',1,13,'2026-01-18 10:52:36.239463'),
	 ('48ISOS',1,14,'2026-01-18 10:52:36.239463'),
	 ('48ISOS',2,7,'2026-01-18 10:52:36.240669'),
	 ('48ISOS',2,8,'2026-01-18 10:52:36.241707');
INSERT INTO teacher_availability (teacher_id,day_of_week,"hour",created_at) VALUES
	 ('48ISOS',2,9,'2026-01-18 10:52:36.241707'),
	 ('48ISOS',2,10,'2026-01-18 10:52:36.242735'),
	 ('48ISOS',2,11,'2026-01-18 10:52:36.243809'),
	 ('48ISOS',2,12,'2026-01-18 10:52:36.243809'),
	 ('48ISOS',2,13,'2026-01-18 10:52:36.245381'),
	 ('48ISOS',2,14,'2026-01-18 10:52:36.246545'),
	 ('48ISOS',3,7,'2026-01-18 10:52:36.247606'),
	 ('48ISOS',3,8,'2026-01-18 10:52:36.249116'),
	 ('48ISOS',3,9,'2026-01-18 10:52:36.250156'),
	 ('48ISOS',3,10,'2026-01-18 10:52:36.251378');
INSERT INTO teacher_availability (teacher_id,day_of_week,"hour",created_at) VALUES
	 ('48ISOS',3,11,'2026-01-18 10:52:36.252625'),
	 ('48ISOS',3,12,'2026-01-18 10:52:36.253663'),
	 ('48ISOS',3,13,'2026-01-18 10:52:36.253663'),
	 ('48ISOS',3,14,'2026-01-18 10:52:36.255171'),
	 ('48ISOS',4,7,'2026-01-18 10:52:36.25629'),
	 ('48ISOS',4,8,'2026-01-18 10:52:36.25629'),
	 ('48ISOS',4,9,'2026-01-18 10:52:36.257393'),
	 ('48ISOS',4,10,'2026-01-18 10:52:36.258439'),
	 ('48ISOS',4,11,'2026-01-18 10:52:36.25948'),
	 ('48ISOS',4,12,'2026-01-18 10:52:36.25948');
INSERT INTO teacher_availability (teacher_id,day_of_week,"hour",created_at) VALUES
	 ('48ISOS',4,13,'2026-01-18 10:52:36.260517'),
	 ('48ISOS',4,14,'2026-01-18 10:52:36.261554'),
	 ('48ISOS',5,7,'2026-01-18 10:52:36.261554'),
	 ('48ISOS',5,8,'2026-01-18 10:52:36.262591'),
	 ('48ISOS',5,9,'2026-01-18 10:52:36.263621'),
	 ('48ISOS',5,10,'2026-01-18 10:52:36.265164'),
	 ('48ISOS',5,11,'2026-01-18 10:52:36.265164'),
	 ('48ISOS',5,12,'2026-01-18 10:52:36.266289'),
	 ('48ISOS',5,13,'2026-01-18 10:52:36.267458'),
	 ('48ISOS',5,14,'2026-01-18 10:52:36.268633');
INSERT INTO teacher_availability (teacher_id,day_of_week,"hour",created_at) VALUES
	 ('48ASOJ',1,7,'2026-01-18 10:52:36.27651'),
	 ('48ASOJ',1,8,'2026-01-18 10:52:36.27651'),
	 ('48ASOJ',1,9,'2026-01-18 10:52:36.277775'),
	 ('48ASOJ',1,10,'2026-01-18 10:52:36.278803'),
	 ('48ASOJ',1,11,'2026-01-18 10:52:36.279812'),
	 ('48ASOJ',1,12,'2026-01-18 10:52:36.280809'),
	 ('48ASOJ',1,13,'2026-01-18 10:52:36.281905'),
	 ('48ASOJ',1,14,'2026-01-18 10:52:36.282974'),
	 ('48ASOJ',2,7,'2026-01-18 10:52:36.284068'),
	 ('48ASOJ',2,8,'2026-01-18 10:52:36.285063');
INSERT INTO teacher_availability (teacher_id,day_of_week,"hour",created_at) VALUES
	 ('48ASOJ',2,9,'2026-01-18 10:52:36.286387'),
	 ('48ASOJ',2,10,'2026-01-18 10:52:36.286387'),
	 ('48ASOJ',2,11,'2026-01-18 10:52:36.287646'),
	 ('48ASOJ',2,12,'2026-01-18 10:52:36.288752'),
	 ('48ASOJ',2,13,'2026-01-18 10:52:36.289772'),
	 ('48ASOJ',2,14,'2026-01-18 10:52:36.290778'),
	 ('48ASOJ',3,7,'2026-01-18 10:52:36.291781'),
	 ('48ASOJ',3,8,'2026-01-18 10:52:36.293831'),
	 ('48ASOJ',3,9,'2026-01-18 10:52:36.293831'),
	 ('48ASOJ',3,10,'2026-01-18 10:52:36.295353');
INSERT INTO teacher_availability (teacher_id,day_of_week,"hour",created_at) VALUES
	 ('48ASOJ',3,11,'2026-01-18 10:52:36.29644'),
	 ('48ASOJ',3,12,'2026-01-18 10:52:36.298937'),
	 ('48ASOJ',3,13,'2026-01-18 10:52:36.300221'),
	 ('48ASOJ',3,14,'2026-01-18 10:52:36.300221'),
	 ('48ASOJ',4,7,'2026-01-18 10:52:36.301415'),
	 ('48ASOJ',4,8,'2026-01-18 10:52:36.30275'),
	 ('48ASOJ',4,9,'2026-01-18 10:52:36.303804'),
	 ('48ASOJ',4,10,'2026-01-18 10:52:36.305311'),
	 ('48ASOJ',4,11,'2026-01-18 10:52:36.305311'),
	 ('48ASOJ',4,12,'2026-01-18 10:52:36.306586');
INSERT INTO teacher_availability (teacher_id,day_of_week,"hour",created_at) VALUES
	 ('48ASOJ',4,13,'2026-01-18 10:52:36.307786'),
	 ('48ASOJ',4,14,'2026-01-18 10:52:36.30933'),
	 ('48ASOJ',5,7,'2026-01-18 10:52:36.310795'),
	 ('48ASOJ',5,8,'2026-01-18 10:52:36.31181'),
	 ('48ASOJ',5,9,'2026-01-18 10:52:36.312911'),
	 ('48ASOJ',5,10,'2026-01-18 10:52:36.313915'),
	 ('48ASOJ',5,11,'2026-01-18 10:52:36.315425'),
	 ('48ASOJ',5,12,'2026-01-18 10:52:36.316748'),
	 ('48ASOJ',5,13,'2026-01-18 10:52:36.317806'),
	 ('48ASOJ',5,14,'2026-01-18 10:52:36.319005');
INSERT INTO teacher_availability (teacher_id,day_of_week,"hour",created_at) VALUES
	 ('46MASOX',1,7,'2026-01-18 10:52:36.32325'),
	 ('46MASOX',1,8,'2026-01-18 10:52:36.324468'),
	 ('46MASOX',1,9,'2026-01-18 10:52:36.325013'),
	 ('46MASOX',1,10,'2026-01-18 10:52:36.326045'),
	 ('46MASOX',2,7,'2026-01-18 10:52:36.327049'),
	 ('46MASOX',2,8,'2026-01-18 10:52:36.328161'),
	 ('46MASOX',2,9,'2026-01-18 10:52:36.330296'),
	 ('46MASOX',2,10,'2026-01-18 10:52:36.331375'),
	 ('46MASOX',3,7,'2026-01-18 10:52:36.332611'),
	 ('46MASOX',3,8,'2026-01-18 10:52:36.333803');
INSERT INTO teacher_availability (teacher_id,day_of_week,"hour",created_at) VALUES
	 ('46MASOX',3,9,'2026-01-18 10:52:36.335378'),
	 ('46MASOX',3,10,'2026-01-18 10:52:36.336397'),
	 ('46MASOX',4,7,'2026-01-18 10:52:36.336397'),
	 ('46MASOX',4,8,'2026-01-18 10:52:36.337711'),
	 ('46MASOX',4,9,'2026-01-18 10:52:36.338715'),
	 ('46MASOX',4,10,'2026-01-18 10:52:36.339759'),
	 ('46MASOX',5,7,'2026-01-18 10:52:36.340762'),
	 ('46MASOX',5,8,'2026-01-18 10:52:36.342075'),
	 ('46MASOX',5,9,'2026-01-18 10:52:36.343078'),
	 ('46MASOX',5,10,'2026-01-18 10:52:36.34418');
INSERT INTO teacher_availability (teacher_id,day_of_week,"hour",created_at) VALUES
	 ('48YESMV',1,7,'2026-01-18 10:52:36.354516'),
	 ('48YESMV',1,8,'2026-01-18 10:52:36.355054'),
	 ('48YESMV',1,9,'2026-01-18 10:52:36.356074'),
	 ('48YESMV',1,10,'2026-01-18 10:52:36.358316'),
	 ('48YESMV',1,11,'2026-01-18 10:52:36.359338'),
	 ('48YESMV',1,12,'2026-01-18 10:52:36.360361'),
	 ('48YESMV',1,13,'2026-01-18 10:52:36.361359'),
	 ('48YESMV',1,14,'2026-01-18 10:52:36.362769'),
	 ('48YESMV',2,7,'2026-01-18 10:52:36.363768'),
	 ('48YESMV',2,8,'2026-01-18 10:52:36.366299');
INSERT INTO teacher_availability (teacher_id,day_of_week,"hour",created_at) VALUES
	 ('48YESMV',2,9,'2026-01-18 10:52:36.367343'),
	 ('48YESMV',2,10,'2026-01-18 10:52:36.368473'),
	 ('48YESMV',2,11,'2026-01-18 10:52:36.369532'),
	 ('48YESMV',2,12,'2026-01-18 10:52:36.371754'),
	 ('48YESMV',2,13,'2026-01-18 10:52:36.372751'),
	 ('48YESMV',2,14,'2026-01-18 10:52:36.373748'),
	 ('48YESMV',3,7,'2026-01-18 10:52:36.375255'),
	 ('48YESMV',3,8,'2026-01-18 10:52:36.376337'),
	 ('48YESMV',3,9,'2026-01-18 10:52:36.377645'),
	 ('48YESMV',3,10,'2026-01-18 10:52:36.378684');
INSERT INTO teacher_availability (teacher_id,day_of_week,"hour",created_at) VALUES
	 ('48YESMV',3,11,'2026-01-18 10:52:36.379687'),
	 ('48YESMV',3,12,'2026-01-18 10:52:36.380865'),
	 ('48YESMV',3,13,'2026-01-18 10:52:36.382002'),
	 ('48YESMV',3,14,'2026-01-18 10:52:36.383242'),
	 ('48YESMV',4,7,'2026-01-18 10:52:36.385243'),
	 ('48YESMV',4,8,'2026-01-18 10:52:36.385783'),
	 ('48YESMV',4,9,'2026-01-18 10:52:36.386786'),
	 ('48YESMV',4,10,'2026-01-18 10:52:36.387814'),
	 ('48YESMV',4,11,'2026-01-18 10:52:36.388939'),
	 ('48YESMV',4,12,'2026-01-18 10:52:36.388939');
INSERT INTO teacher_availability (teacher_id,day_of_week,"hour",created_at) VALUES
	 ('48YESMV',4,13,'2026-01-18 10:52:36.390015'),
	 ('48YESMV',4,14,'2026-01-18 10:52:36.392088'),
	 ('48YESMV',5,7,'2026-01-18 10:52:36.392088'),
	 ('48YESMV',5,8,'2026-01-18 10:52:36.393125'),
	 ('48YESMV',5,9,'2026-01-18 10:52:36.394232'),
	 ('48YESMV',5,10,'2026-01-18 10:52:36.395229'),
	 ('48YESMV',5,11,'2026-01-18 10:52:36.395229'),
	 ('48YESMV',5,12,'2026-01-18 10:52:36.398022'),
	 ('48YESMV',5,13,'2026-01-18 10:52:36.398022'),
	 ('48YESMV',5,14,'2026-01-18 10:52:36.399466');
INSERT INTO teacher_availability (teacher_id,day_of_week,"hour",created_at) VALUES
	 ('46IUAW',1,7,'2026-01-18 10:52:36.405041'),
	 ('46IUAW',1,8,'2026-01-18 10:52:36.405041'),
	 ('46IUAW',1,9,'2026-01-18 10:52:36.406491'),
	 ('46IUAW',1,10,'2026-01-18 10:52:36.407649'),
	 ('46IUAW',2,7,'2026-01-18 10:52:36.407649'),
	 ('46IUAW',2,8,'2026-01-18 10:52:36.410345'),
	 ('46IUAW',2,9,'2026-01-18 10:52:36.412481'),
	 ('46IUAW',2,10,'2026-01-18 10:52:36.413478'),
	 ('46IUAW',3,7,'2026-01-18 10:52:36.416017'),
	 ('46IUAW',3,8,'2026-01-18 10:52:36.417013');
INSERT INTO teacher_availability (teacher_id,day_of_week,"hour",created_at) VALUES
	 ('46IUAW',3,9,'2026-01-18 10:52:36.418013'),
	 ('46IUAW',3,10,'2026-01-18 10:52:36.419011'),
	 ('46IUAW',4,7,'2026-01-18 10:52:36.420009'),
	 ('46IUAW',4,8,'2026-01-18 10:52:36.421005'),
	 ('46IUAW',4,9,'2026-01-18 10:52:36.422003'),
	 ('46IUAW',4,10,'2026-01-18 10:52:36.423'),
	 ('46IUAW',5,7,'2026-01-18 10:52:36.424996'),
	 ('46IUAW',5,8,'2026-01-18 10:52:36.426504'),
	 ('46IUAW',5,9,'2026-01-18 10:52:36.4275'),
	 ('46IUAW',5,10,'2026-01-18 10:52:36.428501');
INSERT INTO teacher_availability (teacher_id,day_of_week,"hour",created_at) VALUES
	 ('47SVPH',1,7,'2026-01-18 10:52:36.437456'),
	 ('47SVPH',1,8,'2026-01-18 10:52:36.438744'),
	 ('47SVPH',1,9,'2026-01-18 10:52:36.439811'),
	 ('47SVPH',1,10,'2026-01-18 10:52:36.440972'),
	 ('47SVPH',1,11,'2026-01-18 10:52:36.442119'),
	 ('47SVPH',1,12,'2026-01-18 10:52:36.443143'),
	 ('47SVPH',2,7,'2026-01-18 10:52:36.444206'),
	 ('47SVPH',2,8,'2026-01-18 10:52:36.445205'),
	 ('47SVPH',2,9,'2026-01-18 10:52:36.446326'),
	 ('47SVPH',2,10,'2026-01-18 10:52:36.447573');
INSERT INTO teacher_availability (teacher_id,day_of_week,"hour",created_at) VALUES
	 ('47SVPH',2,11,'2026-01-18 10:52:36.449604'),
	 ('47SVPH',2,12,'2026-01-18 10:52:36.45061'),
	 ('47SVPH',3,7,'2026-01-18 10:52:36.45061'),
	 ('47SVPH',3,8,'2026-01-18 10:52:36.451884'),
	 ('47SVPH',3,9,'2026-01-18 10:52:36.452952'),
	 ('47SVPH',3,10,'2026-01-18 10:52:36.454957'),
	 ('47SVPH',3,11,'2026-01-18 10:52:36.455499'),
	 ('47SVPH',3,12,'2026-01-18 10:52:36.456503'),
	 ('47SVPH',4,7,'2026-01-18 10:52:36.458703'),
	 ('47SVPH',4,8,'2026-01-18 10:52:36.459709');
INSERT INTO teacher_availability (teacher_id,day_of_week,"hour",created_at) VALUES
	 ('47SVPH',4,9,'2026-01-18 10:52:36.460712'),
	 ('47SVPH',4,10,'2026-01-18 10:52:36.461982'),
	 ('47SVPH',4,11,'2026-01-18 10:52:36.463141'),
	 ('47SVPH',4,12,'2026-01-18 10:52:36.464149'),
	 ('47SVPH',5,7,'2026-01-18 10:52:36.466209'),
	 ('47SVPH',5,8,'2026-01-18 10:52:36.467616'),
	 ('47SVPH',5,9,'2026-01-18 10:52:36.467616'),
	 ('47SVPH',5,10,'2026-01-18 10:52:36.468621'),
	 ('47SVPH',5,11,'2026-01-18 10:52:36.469636'),
	 ('47SVPH',5,12,'2026-01-18 10:52:36.470686');
INSERT INTO teacher_availability (teacher_id,day_of_week,"hour",created_at) VALUES
	 ('46YVVGF',1,7,'2026-01-18 10:52:36.474133'),
	 ('46YVVGF',1,8,'2026-01-18 10:52:36.475176'),
	 ('46YVVGF',1,9,'2026-01-18 10:52:36.476195'),
	 ('46YVVGF',1,10,'2026-01-18 10:52:36.47745'),
	 ('46YVVGF',2,7,'2026-01-18 10:52:36.478462'),
	 ('46YVVGF',2,8,'2026-01-18 10:52:36.479466'),
	 ('46YVVGF',2,9,'2026-01-18 10:52:36.480605'),
	 ('46YVVGF',2,10,'2026-01-18 10:52:36.481745'),
	 ('46YVVGF',3,7,'2026-01-18 10:52:36.482819'),
	 ('46YVVGF',3,8,'2026-01-18 10:52:36.483824');
INSERT INTO teacher_availability (teacher_id,day_of_week,"hour",created_at) VALUES
	 ('46YVVGF',3,9,'2026-01-18 10:52:36.485332'),
	 ('46YVVGF',3,10,'2026-01-18 10:52:36.486431'),
	 ('46YVVGF',4,7,'2026-01-18 10:52:36.487429'),
	 ('46YVVGF',4,8,'2026-01-18 10:52:36.487429'),
	 ('46YVVGF',4,9,'2026-01-18 10:52:36.488452'),
	 ('46YVVGF',4,10,'2026-01-18 10:52:36.489745'),
	 ('46YVVGF',5,7,'2026-01-18 10:52:36.490784'),
	 ('46YVVGF',5,8,'2026-01-18 10:52:36.492021'),
	 ('46YVVGF',5,9,'2026-01-18 10:52:36.492021'),
	 ('46YVVGF',5,10,'2026-01-18 10:52:36.493322');
INSERT INTO teacher_availability (teacher_id,day_of_week,"hour",created_at) VALUES
	 ('46IZML',1,7,'2026-01-18 10:52:36.505248'),
	 ('46IZML',1,8,'2026-01-18 10:52:36.506272'),
	 ('46IZML',1,9,'2026-01-18 10:52:36.507269'),
	 ('46IZML',1,10,'2026-01-18 10:52:36.508267'),
	 ('46IZML',2,7,'2026-01-18 10:52:36.50977'),
	 ('46IZML',2,8,'2026-01-18 10:52:36.51077'),
	 ('46IZML',2,9,'2026-01-18 10:52:36.512068'),
	 ('46IZML',2,10,'2026-01-18 10:52:36.514096'),
	 ('46IZML',3,7,'2026-01-18 10:52:36.51635'),
	 ('46IZML',3,8,'2026-01-18 10:52:36.51768');
INSERT INTO teacher_availability (teacher_id,day_of_week,"hour",created_at) VALUES
	 ('46IZML',3,9,'2026-01-18 10:52:36.518715'),
	 ('46IZML',3,10,'2026-01-18 10:52:36.521707'),
	 ('46IZML',4,7,'2026-01-18 10:52:36.522918'),
	 ('46IZML',4,8,'2026-01-18 10:52:36.52399'),
	 ('46IZML',4,9,'2026-01-18 10:52:36.524986'),
	 ('46IZML',4,10,'2026-01-18 10:52:36.526745'),
	 ('46IZML',5,7,'2026-01-18 10:52:36.528744'),
	 ('46IZML',5,8,'2026-01-18 10:52:36.530251'),
	 ('46IZML',5,9,'2026-01-18 10:52:36.531248'),
	 ('46IZML',5,10,'2026-01-18 10:52:36.533704');

-- ============================================================================
-- COURSES DATA
-- ============================================================================
-- 11 courses with varying hours per week


INSERT INTO course (id,"name",abbreviation,room_requirement,required_hours_per_week,semester,component,active) VALUES
	 ('10','INGLES II','INGLES  II','estándar',3,'II','BASICAS',true),
	 ('11','CONSERVACION DE LA ENERGIA Y SUS INTERACCIONES CON LA MATERIA','CONS. ENER INT CON MATERIA','estándar',4,'II','BASICAS',true),
	 ('12','LENGUA Y COMUNICACION II','LENGUA Y COM II','estándar',4,'II','BASICAS',true),
	 ('13','CIENCIAS SOCIALES II','CIEN SOC II','estándar',2,'II','BASICAS',true),
	 ('14','CULTURA DIGITAL II','CUL DIG II','estándar',2,'II','BASICAS',true),
	 ('15','RECURSO SOCIOEMOCIONAL II','REC SOC II','estándar',3,'II','BASICAS',true),
	 ('18','DISEÑA PLANOS Y DIAGRAMAS ELECTRICOS Y ELECTRONICOS DE SISTEMAS ELECTROMECANICOS','DIS. PLA. DIAG. ELEC.SIST. ELEC.','taller',4,'II','TEM',true),
	 ('19','REALIZA INSTALACIONES ELECTRICAS EN EQUIPOS ELECTROMECANICOS','REAL. INST. ELEC. EQU. ELEC.','taller',9,'II','TEM',true),
	 ('20','REALIZA INSTALACIONES DE CIRCUITOS ELECTRONICOS EN SISTEMAS ELECTROMECANICOS','REAL. INST. CIR. ELEC. SIST. ELEC.','taller',4,'II','TEM',true),
	 ('21','CONECTA COMPONENTES DE CIRCUITOS ELECTRONICOS RLC','CON. COMP. CIR. ELEC. RLC','estándar',9,'II','TEC',true);
INSERT INTO course (id,"name",abbreviation,room_requirement,required_hours_per_week,semester,component,active) VALUES
	 ('22','CONECTA COMPONENTES DE CIRCUITOS ELECTRONICOS SEMICONDUCTORES','CON. COMP. CIR. ELEC. SEMICON.','estándar',8,'II','TEC',true),
	 ('25','REALIZA ANALISIS FISICOS Y QUIMICOS A LA MATERIA PRIMA','REA. ANA. FÍS. QUI. MAT. PRIMA','estándar',8,'II','TPIAL',true),
	 ('26','REALIZA ANALISIS MICROBIOLOGICOS A LA MATERIA PRIMA','REA. ANA. MICRO. MAT. PRIMA','taller',9,'II','TPIAL',true),
	 ('27','DISEÑA SOFTWARE DE SISTEMAS INFORMATICOS','DIS. SOF. SIST. INFO.','centro de cómputo',5,'II','TPROG',true),
	 ('28','CODIFICA SOFTWARE DE SISTEMAS INFORMATICOS','COD. SOF. SIST. INFO.','centro de cómputo',7,'II','TPROG',true),
	 ('29','IMPLEMENTA SOFTWARE DE SISTEMAS INFORMATICOS','IMP. SOF. SIST. INFO.','centro de cómputo',5,'II','TPROG',true),
	 ('49','TEMAS SELECTOS DE MATEMATICAS I','TEM. SEL. MAT. I','estándar',4,'IV','BASICAS',true),
	 ('50','INGLES IV','INGLES IV','estándar',3,'IV','BASICAS',true),
	 ('51','CONCIENCIA HISTORICA I','CON. HIST. I','estándar',3,'IV','BASICAS',true),
	 ('52','REACCIONES QUIMICAS: CONSERVACION DE LA MATERIA EN LA FORMACION DE NUEVAS SUSTANCIAS ','REACCIONES QUÍMICAS','estándar',4,'IV','BASICAS',true);
INSERT INTO course (id,"name",abbreviation,room_requirement,required_hours_per_week,semester,component,active) VALUES
	 ('53','CIENCIAS SOCIALES III','CIEN. SOC. III','estándar',2,'IV','BASICAS',true),
	 ('54','RECURSOS SOCIOEMOCIONALES IV','REC. SOCIOEMO. IV','estándar',3,'IV','BASICAS',true),
	 ('55','INSTALA Y CONTROLA MAQUINAS ELECTRICAS ROTATIVAS','INSTALA Y CONTR. MAQ. ROT.','estándar',5,'IV','TEM',true),
	 ('56','INSTALA Y PROGRAMA PLC','INST. Y PROG. PLC.','estándar',6,'IV','TEM',true),
	 ('57','INSTALA Y PROGRAMA PICs','INST. Y PROG. PICS.','estándar',6,'IV','TEM',true),
	 ('58','REALIZA MANTENIMIENTO A SISTEMAS ELECTRICOS DE POTENCIA','RLZA. MANTO. A SIST. ELEC. DE POTENCIA','taller',7,'IV','TEC',true),
	 ('59','PROGRAMA PLC PARA SISTEMAS AUTOMATIZADOS','PROG. PLC PARA SIS. AUTO.','taller',10,'IV','TEC',true),
	 ('60','GESTIONA LOS PROCESOS DE CAPACITACION PARA EL DESARROLLO DEL TALENTO HUMANO','GES. PROC. CAP. DES. T.H.','estándar',10,'IV','TADRH',true),
	 ('61','PROMUEVE CONDICIONES DE TRABAJO SALUDABLES EN LA ORGANIZACION','PROM. CON. TRAB. SAL. ORG.','estándar',7,'IV','TADRH',true),
	 ('62','REALIZA ANALISIS FISICOS, QUIMICOS Y MICROBIOLOGICOS PERTINENTES','REAL. ANALISIS FÍS. QUÍ. MICRO.','taller',6,'IV','TPIAL',true);
INSERT INTO course (id,"name",abbreviation,room_requirement,required_hours_per_week,semester,component,active) VALUES
	 ('63','REALIZA LOS PROCESOS DE TRANSFORMACION DE DIFERENTES PRODUCTOS CARNICOS','REAL. PROC. TRANS. CARNICOS','taller',11,'IV','TPIAL',true),
	 ('64','IMPLEMENTA BASE DE DATOS RELACIONALES EN UN SISTEMA DE INFORMACION','IMP. BAS. DATOS REL. SIST. INF.','centro de cómputo',9,'IV','TPROG',true),
	 ('65','IMPLEMENTA BASE DE DATOS NO RELACIONALES EN UN SISTEMA DE INFORMACION','IMP. BAS. DATOS NO REL. SIST. INF.','centro de cómputo',8,'IV','TPROG',true),
	 ('66','DETECTA VULNERABILIDADES EN SISTEMAS INFORMATICOS','DET. VULN. SIST. INFO.','centro de cómputo',9,'IV','TCS',true),
	 ('67','CORRIGE VULNERABILIDADES EN SISTEMAS INFORMATICOS','CORRIGE VULN. SIST. INFO.','centro de cómputo',8,'IV','TCS',true),
	 ('85','PROBABILIDAD Y ESTADISTICA','PROB. Y ESTADISTICA','estándar',5,'VI','BASICAS',true),
	 ('86','TEMAS DE FILOSOFIA','TEMAS FILOSOFIA','estándar',5,'VI','BASICAS',true),
	 ('87','TEMAS DE FISICA','TEMAS FISICA','estándar',5,'VI','PROPEDEUTICAS',true),
	 ('88','DIBUJO TECNICO','DIBUJO TEC.','estándar',5,'VI','PROPEDEUTICAS',true),
	 ('89','MATEMATICAS APLICADAS','MATEMATICA APLIC.','estándar',5,'VI','PROPEDEUTICAS',true);
INSERT INTO course (id,"name",abbreviation,room_requirement,required_hours_per_week,semester,component,active) VALUES
	 ('90','TEMAS DE ADMINISTRACION','TEMAS ADMON.','estándar',5,'VI','PROPEDEUTICAS',true),
	 ('91','INTRODUCCION A LA ECONOMIA','INTROD. ECONOMIA','estándar',5,'VI','PROPEDEUTICAS',true),
	 ('92','INTRODUCCION AL DERECHO','INTROD. DER.','estándar',5,'VI','PROPEDEUTICAS',true),
	 ('93','INTRODUCCION A LA BIOQUIMICA','INTRO. BIOQUIMICA','estándar',5,'VI','PROPEDEUTICAS',true),
	 ('94','TEMAS DE BIOLOGIA CONTEMPORANEA','TEMAS BIOL. CONTEMP.','estándar',5,'VI','PROPEDEUTICAS',true),
	 ('95','TEMAS DE CIENCIAS DE LA SALUD','TEMAS CIENCIAS SALUD','estándar',5,'VI','PROPEDEUTICAS',true),
	 ('96','DETERMINA LA NOMINA DEL PERSONAL DE LA ORGANIZACIÓN TOMANDO EN CUENTA LA NORMATIVIDAD LABORAL','DETER. NOMINA PERSONAL','estándar',8,'VI','TADRH',true),
	 ('97','DETERMINA REMUNERACIONES DEL PERSONAL EN SITUACIONES EXTRAORDINARIAS','DETER. REMUN. PERSONAL','estándar',4,'VI','TADRH',true),
	 ('98','MANTIENE EQUIPOS HIDRAULICOS','MANT. EQUI. HIDR. ','taller',4,'VI','TEM',true),
	 ('99','MANTIENE EQUIPOS NEUMATICOS','MANT. EQUI. NEUMATICOS','taller',4,'VI','TEM',true);
INSERT INTO course (id,"name",abbreviation,room_requirement,required_hours_per_week,semester,component,active) VALUES
	 ('100','MANTIENE EQUIPOS DE REFRIGERACION','MANT. EQUI. REFRIG.','taller',4,'VI','TEM',true),
	 ('9','PENSAMIENTO MATEMATICO II','PENSAM. MATEM. II','estándar',4,'II','BASICAS',true),
	 ('101','MANTIENE SISTEMAS DE SEGURIDAD Y AUTOMATIZACION DE EDIFICIOS','MANT. SIST. SEG. EDIFICIOS','estándar',6,'VI','TEC',true),
	 ('102','IMPLEMENTA SISTEMAS AUTOMATIZADOS','IMP. SIST. AUTOMATIZADOS','estándar',6,'VI','TEC',true),
	 ('105','REALIZA LOS ANALISIS FISICOS, QUIMICOS Y MICROBIOLOGICOS DE LOS PRODUCTOS DE CEREALES U OLEAGINOSAS Y PRODUCTOS DERIVADOS','REAL. ANALISIS FIS. QUIM. CEREALES','estándar',5,'VI','TPIAL',true),
	 ('106','REALIZA PROCESOS DE TRANSFORMACION DE CEREALES U OLEAGINOSAS Y PRODUCTOS DERIVADOS','REAL. PROC. TRANSF. CEREALES','estándar',7,'VI','TPIAL',true),
	 ('107','DESARROLLA APLICACIONES MOVILES PARA ANDROID','DES. APLIC. MOVILES ANDROID','estándar',6,'VI','TPROG',true),
	 ('108','DESARROLLA APLICACIONES MOVILES PARA IOS','DES. APLIC. MOVILES IOS','estándar',6,'VI','TPROG',true);

-- ============================================================================
-- ROOMS DATA
-- ============================================================================
-- 11 rooms total: 23 standard classrooms + 6 labs


INSERT INTO room ("name",building,"type") VALUES
	 ('SALON 19','EDIFICIO 3','estándar'),
	 ('SALON 20','EDIFICIO 3','estándar'),
	 ('SALON 21','EDIFICIO 3','estándar'),
	 ('SALON 22','EDIFICIO 3','estándar'),
	 ('SALON 23','EDIFICIO 3','estándar'),
	 ('CC 1','EDIFICIO 5','centro de cómputo'),
	 ('CC 2','EDIFICIO 5','centro de cómputo'),
	 ('CC 3','EDIFICIO 4','centro de cómputo'),
	 ('TEM 1','EDIFICIO 4','taller'),
	 ('TEM 2','EDIFICIO 4','taller');
INSERT INTO room ("name",building,"type") VALUES
	 ('TEM 3','EDIFICIO 4','taller'),
	 ('TE 1','EDIFICIO 2','taller'),
	 ('LQ 1','EDIFICIO 1','taller'),
	 ('SALON 1','EDIFICIO 1','estándar'),
	 ('SALON 2','EDIFICIO 1','estándar'),
	 ('SALON 3','EDIFICIO 1','estándar'),
	 ('SALON 4','EDIFICIO 1','estándar'),
	 ('SALON 5','EDIFICIO 1','estándar'),
	 ('SALON 6','EDIFICIO 1','estándar'),
	 ('SALON 7','EDIFICIO 2','estándar');
INSERT INTO room ("name",building,"type") VALUES
	 ('SALON 8','EDIFICIO 2','estándar'),
	 ('SALON 9','EDIFICIO 2','estándar'),
	 ('SALON 10','EDIFICIO 2','estándar'),
	 ('SALON 11','EDIFICIO 2','estándar'),
	 ('SALON 12','EDIFICIO 2','estándar'),
	 ('SALON 13','EDIFICIO 3','estándar'),
	 ('SALON 14','EDIFICIO 3','estándar'),
	 ('SALON 15','EDIFICIO 3','estándar'),
	 ('SALON 16','EDIFICIO 3','estándar'),
	 ('SALON 17','EDIFICIO 3','estándar');
INSERT INTO room ("name",building,"type") VALUES
	 ('SALON 18','EDIFICIO 3','estándar');


-- ============================================================================
-- TIMESLOTS DATA
-- ============================================================================
-- 40 timeslots: Mon-Fri, 7-14 (8 hours per day)

INSERT INTO timeslot (id, day_of_week, hour, display_name) VALUES
-- Monday
('slot_0', 1, 7, 'Lun 7-8'),
('slot_1', 1, 8, 'Lun 8-9'),
('slot_2', 1, 9, 'Lun 9-10'),
('slot_3', 1, 10, 'Lun 10-11'),
('slot_4', 1, 11, 'Lun 11-12'),
('slot_5', 1, 12, 'Lun 12-13'),
('slot_6', 1, 13, 'Lun 13-14'),
('slot_7', 1, 14, 'Lun 14-15'),
-- Tuesday
('slot_8', 2, 7, 'Mar 7-8'),
('slot_9', 2, 8, 'Mar 8-9'),
('slot_10', 2, 9, 'Mar 9-10'),
('slot_11', 2, 10, 'Mar 10-11'),
('slot_12', 2, 11, 'Mar 11-12'),
('slot_13', 2, 12, 'Mar 12-13'),
('slot_14', 2, 13, 'Mar 13-14'),
('slot_15', 2, 14, 'Mar 14-15'),
-- Wednesday
('slot_16', 3, 7, 'Mie 7-8'),
('slot_17', 3, 8, 'Mie 8-9'),
('slot_18', 3, 9, 'Mie 9-10'),
('slot_19', 3, 10, 'Mie 10-11'),
('slot_20', 3, 11, 'Mie 11-12'),
('slot_21', 3, 12, 'Mie 12-13'),
('slot_22', 3, 13, 'Mie 13-14'),
('slot_23', 3, 14, 'Mie 14-15'),
-- Thursday
('slot_24', 4, 7, 'Jue 7-8'),
('slot_25', 4, 8, 'Jue 8-9'),
('slot_26', 4, 9, 'Jue 9-10'),
('slot_27', 4, 10, 'Jue 10-11'),
('slot_28', 4, 11, 'Jue 11-12'),
('slot_29', 4, 12, 'Jue 12-13'),
('slot_30', 4, 13, 'Jue 13-14'),
('slot_31', 4, 14, 'Jue 14-15'),
-- Friday
('slot_32', 5, 7, 'Vie 7-8'),
('slot_33', 5, 8, 'Vie 8-9'),
('slot_34', 5, 9, 'Vie 9-10'),
('slot_35', 5, 10, 'Vie 10-11'),
('slot_36', 5, 11, 'Vie 11-12'),
('slot_37', 5, 12, 'Vie 12-13'),
('slot_38', 5, 13, 'Vie 13-14'),
('slot_39', 5, 14, 'Vie 14-15');

-- ============================================================================
-- STUDENT GROUPS DATA
-- ============================================================================
-- 9 groups (Gpo 1oA through Gpo 1oI), each with a preferred room


INSERT INTO student_group (id,"name",preferred_room_name) VALUES
	 ('2ADRH','2ADRH REC HUMANOS','SALON 1'),
	 ('2ATEM','2ATEM ELECTROMECANICA','SALON 2'),
	 ('2ATEC','2ATEC ELECTRONICA','SALON 3'),
	 ('2ATCS','2ATEC CIBERSEGURIDAD','SALON 4'),
	 ('2AIAL','2AIAL INDUSTRIALIZACION DE ALIMENTOS','SALON 5'),
	 ('2APRG','2APRG PROGRAMACION','SALON 6'),
	 ('4ADRH','4ADRH REC HUMANOS','SALON 7'),
	 ('4ATEM','4ATEM ELECTROMECANICA','SALON 8'),
	 ('4ATEC','4ATEC ELECTRONICA','SALON 9'),
	 ('4ATCS','4ATEC CIBERSEGURIDAD','SALON 10');
INSERT INTO student_group (id,"name",preferred_room_name) VALUES
	 ('4AIAL','4AIAL INDUSTRIALIZACION DE ALIMENTOS','SALON 11'),
	 ('4APRG','4APRG PROGRAMACION','SALON 12'),
	 ('6ADRH','6ADRH REC HUMANOS','SALON 13'),
	 ('6ATEM','6ATEM ELECTROMECANICA','SALON 14'),
	 ('6ATEC','6ATEC ELECTRONICA','SALON 15'),
	 ('6ATCS','6ATEC CIBERSEGURIDAD','SALON 16'),
	 ('6AIAL','6AIAL INDUSTRIALIZACION DE ALIMENTOS','SALON 17'),
	 ('6APRG','6APRG PROGRAMACION','SALON 18');

-- ============================================================================
-- GROUP COURSES (which courses each group takes)
-- ============================================================================
-- All 9 groups take all 11 courses

INSERT INTO group_course (group_id, course_name)
SELECT g.id, c.name
FROM student_group g
CROSS JOIN course c;

INSERT INTO group_course (group_id,course_name) VALUES
	 ('2ADRH','PENSAMIENTO MATEMATICO II'),
	 ('2ADRH','INGLES II'),
	 ('2ADRH','CONSERVACION DE LA ENERGIA Y SUS INTERACCIONES CON LA MATERIA'),
	 ('2ADRH','LENGUA Y COMUNICACION II'),
	 ('2ADRH','CIENCIAS SOCIALES II'),
	 ('2ADRH','CULTURA DIGITAL II'),
	 ('2ADRH','RECURSO SOCIOEMOCIONAL II'),
	 ('2ATEM','PENSAMIENTO MATEMATICO II'),
	 ('2ATEM','INGLES II'),
	 ('2ATEM','CONSERVACION DE LA ENERGIA Y SUS INTERACCIONES CON LA MATERIA');
INSERT INTO group_course (group_id,course_name) VALUES
	 ('2ATEM','LENGUA Y COMUNICACION II'),
	 ('2ATEM','CIENCIAS SOCIALES II'),
	 ('2ATEM','CULTURA DIGITAL II'),
	 ('2ATEM','RECURSO SOCIOEMOCIONAL II'),
	 ('2ATEM','DISEÑA PLANOS Y DIAGRAMAS ELECTRICOS Y ELECTRONICOS DE SISTEMAS ELECTROMECANICOS'),
	 ('2ATEM','REALIZA INSTALACIONES ELECTRICAS EN EQUIPOS ELECTROMECANICOS'),
	 ('2ATEM','REALIZA INSTALACIONES DE CIRCUITOS ELECTRONICOS EN SISTEMAS ELECTROMECANICOS'),
	 ('2ATEC','PENSAMIENTO MATEMATICO II'),
	 ('2ATEC','INGLES II'),
	 ('2ATEC','CONSERVACION DE LA ENERGIA Y SUS INTERACCIONES CON LA MATERIA');
INSERT INTO group_course (group_id,course_name) VALUES
	 ('2ATEC','LENGUA Y COMUNICACION II'),
	 ('2ATEC','CIENCIAS SOCIALES II'),
	 ('2ATEC','CULTURA DIGITAL II'),
	 ('2ATEC','RECURSO SOCIOEMOCIONAL II'),
	 ('2ATEC','CONECTA COMPONENTES DE CIRCUITOS ELECTRONICOS RLC'),
	 ('2ATEC','CONECTA COMPONENTES DE CIRCUITOS ELECTRONICOS SEMICONDUCTORES'),
	 ('2ATCS','PENSAMIENTO MATEMATICO II'),
	 ('2ATCS','INGLES II'),
	 ('2ATCS','CONSERVACION DE LA ENERGIA Y SUS INTERACCIONES CON LA MATERIA'),
	 ('2ATCS','LENGUA Y COMUNICACION II');
INSERT INTO group_course (group_id,course_name) VALUES
	 ('2ATCS','CIENCIAS SOCIALES II'),
	 ('2ATCS','CULTURA DIGITAL II'),
	 ('2ATCS','RECURSO SOCIOEMOCIONAL II'),
	 ('2AIAL','PENSAMIENTO MATEMATICO II'),
	 ('2AIAL','INGLES II'),
	 ('2AIAL','CONSERVACION DE LA ENERGIA Y SUS INTERACCIONES CON LA MATERIA'),
	 ('2AIAL','LENGUA Y COMUNICACION II'),
	 ('2AIAL','CIENCIAS SOCIALES II'),
	 ('2AIAL','CULTURA DIGITAL II'),
	 ('2AIAL','RECURSO SOCIOEMOCIONAL II');
INSERT INTO group_course (group_id,course_name) VALUES
	 ('2AIAL','REALIZA ANALISIS FISICOS Y QUIMICOS A LA MATERIA PRIMA'),
	 ('2AIAL','REALIZA ANALISIS MICROBIOLOGICOS A LA MATERIA PRIMA'),
	 ('2APRG','PENSAMIENTO MATEMATICO II'),
	 ('2APRG','INGLES II'),
	 ('2APRG','CONSERVACION DE LA ENERGIA Y SUS INTERACCIONES CON LA MATERIA'),
	 ('2APRG','LENGUA Y COMUNICACION II'),
	 ('2APRG','CIENCIAS SOCIALES II'),
	 ('2APRG','CULTURA DIGITAL II'),
	 ('2APRG','RECURSO SOCIOEMOCIONAL II'),
	 ('2APRG','DISEÑA SOFTWARE DE SISTEMAS INFORMATICOS');
INSERT INTO group_course (group_id,course_name) VALUES
	 ('2APRG','CODIFICA SOFTWARE DE SISTEMAS INFORMATICOS'),
	 ('2APRG','IMPLEMENTA SOFTWARE DE SISTEMAS INFORMATICOS'),
	 ('4ADRH','TEMAS SELECTOS DE MATEMATICAS I'),
	 ('4ADRH','INGLES IV'),
	 ('4ADRH','CONCIENCIA HISTORICA I'),
	 ('4ADRH','CIENCIAS SOCIALES III'),
	 ('4ADRH','RECURSOS SOCIOEMOCIONALES IV'),
	 ('4ADRH','GESTIONA LOS PROCESOS DE CAPACITACION PARA EL DESARROLLO DEL TALENTO HUMANO'),
	 ('4ADRH','PROMUEVE CONDICIONES DE TRABAJO SALUDABLES EN LA ORGANIZACION'),
	 ('4ADRH','REACCIONES QUIMICAS: CONSERVACION DE LA MATERIA EN LA FORMACION DE NUEVAS SUSTANCIAS ');
INSERT INTO group_course (group_id,course_name) VALUES
	 ('4ATEM','TEMAS SELECTOS DE MATEMATICAS I'),
	 ('4ATEM','INGLES IV'),
	 ('4ATEM','CONCIENCIA HISTORICA I'),
	 ('4ATEM','REACCIONES QUIMICAS: CONSERVACION DE LA MATERIA EN LA FORMACION DE NUEVAS SUSTANCIAS '),
	 ('4ATEM','CIENCIAS SOCIALES III'),
	 ('4ATEM','RECURSOS SOCIOEMOCIONALES IV'),
	 ('4ATEM','INSTALA Y CONTROLA MAQUINAS ELECTRICAS ROTATIVAS'),
	 ('4ATEM','INSTALA Y PROGRAMA PLC'),
	 ('4ATEM','INSTALA Y PROGRAMA PICs'),
	 ('4ATEC','TEMAS SELECTOS DE MATEMATICAS I');
INSERT INTO group_course (group_id,course_name) VALUES
	 ('4ATEC','INGLES IV'),
	 ('4ATEC','CONCIENCIA HISTORICA I'),
	 ('4ATEC','REACCIONES QUIMICAS: CONSERVACION DE LA MATERIA EN LA FORMACION DE NUEVAS SUSTANCIAS '),
	 ('4ATEC','CIENCIAS SOCIALES III'),
	 ('4ATEC','RECURSOS SOCIOEMOCIONALES IV'),
	 ('4ATEC','REALIZA MANTENIMIENTO A SISTEMAS ELECTRICOS DE POTENCIA'),
	 ('4ATEC','PROGRAMA PLC PARA SISTEMAS AUTOMATIZADOS'),
	 ('4ATCS','TEMAS SELECTOS DE MATEMATICAS I'),
	 ('4ATCS','INGLES IV'),
	 ('4ATCS','CONCIENCIA HISTORICA I');
INSERT INTO group_course (group_id,course_name) VALUES
	 ('4ATCS','REACCIONES QUIMICAS: CONSERVACION DE LA MATERIA EN LA FORMACION DE NUEVAS SUSTANCIAS '),
	 ('4ATCS','CIENCIAS SOCIALES III'),
	 ('4ATCS','RECURSOS SOCIOEMOCIONALES IV'),
	 ('4ATCS','DETECTA VULNERABILIDADES EN SISTEMAS INFORMATICOS'),
	 ('4ATCS','CORRIGE VULNERABILIDADES EN SISTEMAS INFORMATICOS'),
	 ('4AIAL','TEMAS SELECTOS DE MATEMATICAS I'),
	 ('4AIAL','INGLES IV'),
	 ('4AIAL','CONCIENCIA HISTORICA I'),
	 ('4AIAL','REACCIONES QUIMICAS: CONSERVACION DE LA MATERIA EN LA FORMACION DE NUEVAS SUSTANCIAS '),
	 ('4AIAL','CIENCIAS SOCIALES III');
INSERT INTO group_course (group_id,course_name) VALUES
	 ('4AIAL','RECURSOS SOCIOEMOCIONALES IV'),
	 ('4AIAL','REALIZA ANALISIS FISICOS, QUIMICOS Y MICROBIOLOGICOS PERTINENTES'),
	 ('4AIAL','REALIZA LOS PROCESOS DE TRANSFORMACION DE DIFERENTES PRODUCTOS CARNICOS'),
	 ('4APRG','TEMAS SELECTOS DE MATEMATICAS I'),
	 ('4APRG','INGLES IV'),
	 ('4APRG','CONCIENCIA HISTORICA I'),
	 ('4APRG','REACCIONES QUIMICAS: CONSERVACION DE LA MATERIA EN LA FORMACION DE NUEVAS SUSTANCIAS '),
	 ('4APRG','CIENCIAS SOCIALES III'),
	 ('4APRG','RECURSOS SOCIOEMOCIONALES IV'),
	 ('4APRG','IMPLEMENTA BASE DE DATOS RELACIONALES EN UN SISTEMA DE INFORMACION');
INSERT INTO group_course (group_id,course_name) VALUES
	 ('4APRG','IMPLEMENTA BASE DE DATOS NO RELACIONALES EN UN SISTEMA DE INFORMACION'),
	 ('6ADRH','PROBABILIDAD Y ESTADISTICA'),
	 ('6ADRH','TEMAS DE FILOSOFIA'),
	 ('6ADRH','TEMAS DE FISICA'),
	 ('6ADRH','DIBUJO TECNICO'),
	 ('6ADRH','MATEMATICAS APLICADAS'),
	 ('6ADRH','TEMAS DE ADMINISTRACION'),
	 ('6ADRH','INTRODUCCION A LA ECONOMIA'),
	 ('6ADRH','INTRODUCCION AL DERECHO'),
	 ('6ADRH','INTRODUCCION A LA BIOQUIMICA');
INSERT INTO group_course (group_id,course_name) VALUES
	 ('6ADRH','TEMAS DE BIOLOGIA CONTEMPORANEA'),
	 ('6ADRH','TEMAS DE CIENCIAS DE LA SALUD'),
	 ('6ADRH','DETERMINA LA NOMINA DEL PERSONAL DE LA ORGANIZACIÓN TOMANDO EN CUENTA LA NORMATIVIDAD LABORAL'),
	 ('6ADRH','DETERMINA REMUNERACIONES DEL PERSONAL EN SITUACIONES EXTRAORDINARIAS'),
	 ('6ATEM','PROBABILIDAD Y ESTADISTICA'),
	 ('6ATEM','TEMAS DE FILOSOFIA'),
	 ('6ATEM','TEMAS DE FISICA'),
	 ('6ATEM','DIBUJO TECNICO'),
	 ('6ATEM','MATEMATICAS APLICADAS'),
	 ('6ATEM','TEMAS DE ADMINISTRACION');
INSERT INTO group_course (group_id,course_name) VALUES
	 ('6ATEM','INTRODUCCION A LA ECONOMIA'),
	 ('6ATEM','INTRODUCCION AL DERECHO'),
	 ('6ATEM','INTRODUCCION A LA BIOQUIMICA'),
	 ('6ATEM','TEMAS DE BIOLOGIA CONTEMPORANEA'),
	 ('6ATEM','TEMAS DE CIENCIAS DE LA SALUD'),
	 ('6ATEM','MANTIENE EQUIPOS HIDRAULICOS'),
	 ('6ATEM','MANTIENE EQUIPOS NEUMATICOS'),
	 ('6ATEM','MANTIENE EQUIPOS DE REFRIGERACION'),
	 ('6ATEC','PROBABILIDAD Y ESTADISTICA'),
	 ('6ATEC','TEMAS DE FILOSOFIA');
INSERT INTO group_course (group_id,course_name) VALUES
	 ('6ATEC','TEMAS DE FISICA'),
	 ('6ATEC','DIBUJO TECNICO'),
	 ('6ATEC','MATEMATICAS APLICADAS'),
	 ('6ATEC','TEMAS DE ADMINISTRACION'),
	 ('6ATEC','INTRODUCCION A LA ECONOMIA'),
	 ('6ATEC','INTRODUCCION AL DERECHO'),
	 ('6ATEC','INTRODUCCION A LA BIOQUIMICA'),
	 ('6ATEC','TEMAS DE BIOLOGIA CONTEMPORANEA'),
	 ('6ATEC','TEMAS DE CIENCIAS DE LA SALUD'),
	 ('6ATEC','MANTIENE SISTEMAS DE SEGURIDAD Y AUTOMATIZACION DE EDIFICIOS');
INSERT INTO group_course (group_id,course_name) VALUES
	 ('6ATEC','IMPLEMENTA SISTEMAS AUTOMATIZADOS'),
	 ('6ATCS','PROBABILIDAD Y ESTADISTICA'),
	 ('6ATCS','TEMAS DE FILOSOFIA'),
	 ('6ATCS','TEMAS DE FISICA'),
	 ('6ATCS','DIBUJO TECNICO'),
	 ('6ATCS','MATEMATICAS APLICADAS'),
	 ('6ATCS','TEMAS DE ADMINISTRACION'),
	 ('6ATCS','INTRODUCCION A LA ECONOMIA'),
	 ('6ATCS','INTRODUCCION AL DERECHO'),
	 ('6ATCS','INTRODUCCION A LA BIOQUIMICA');
INSERT INTO group_course (group_id,course_name) VALUES
	 ('6ATCS','TEMAS DE BIOLOGIA CONTEMPORANEA'),
	 ('6ATCS','TEMAS DE CIENCIAS DE LA SALUD'),
	 ('6AIAL','PROBABILIDAD Y ESTADISTICA'),
	 ('6AIAL','TEMAS DE FILOSOFIA'),
	 ('6AIAL','TEMAS DE FISICA'),
	 ('6AIAL','DIBUJO TECNICO'),
	 ('6AIAL','MATEMATICAS APLICADAS'),
	 ('6AIAL','TEMAS DE ADMINISTRACION'),
	 ('6AIAL','INTRODUCCION A LA ECONOMIA'),
	 ('6AIAL','INTRODUCCION AL DERECHO');
INSERT INTO group_course (group_id,course_name) VALUES
	 ('6AIAL','INTRODUCCION A LA BIOQUIMICA'),
	 ('6AIAL','TEMAS DE BIOLOGIA CONTEMPORANEA'),
	 ('6AIAL','TEMAS DE CIENCIAS DE LA SALUD'),
	 ('6AIAL','REALIZA LOS ANALISIS FISICOS, QUIMICOS Y MICROBIOLOGICOS DE LOS PRODUCTOS DE CEREALES U OLEAGINOSAS Y PRODUCTOS DERIVADOS'),
	 ('6AIAL','REALIZA PROCESOS DE TRANSFORMACION DE CEREALES U OLEAGINOSAS Y PRODUCTOS DERIVADOS'),
	 ('6APRG','PROBABILIDAD Y ESTADISTICA'),
	 ('6APRG','TEMAS DE FILOSOFIA'),
	 ('6APRG','TEMAS DE FISICA'),
	 ('6APRG','DIBUJO TECNICO'),
	 ('6APRG','MATEMATICAS APLICADAS');
INSERT INTO group_course (group_id,course_name) VALUES
	 ('6APRG','TEMAS DE ADMINISTRACION'),
	 ('6APRG','INTRODUCCION A LA ECONOMIA'),
	 ('6APRG','INTRODUCCION AL DERECHO'),
	 ('6APRG','INTRODUCCION A LA BIOQUIMICA'),
	 ('6APRG','TEMAS DE BIOLOGIA CONTEMPORANEA'),
	 ('6APRG','TEMAS DE CIENCIAS DE LA SALUD'),
	 ('6APRG','DESARROLLA APLICACIONES MOVILES PARA ANDROID'),
	 ('6APRG','DESARROLLA APLICACIONES MOVILES PARA IOS');


-- ============================================================================
-- COURSE ASSIGNMENTS
-- ============================================================================
-- Generate course assignments for each group+course combination
-- Each assignment represents one hour of the course
-- For example, "PENSAMIENTO MATEMÁTICO I" requires 4 hours, so we create 4 assignments
-- with sequence_index 0, 1, 2, 3

-- Note: teacher_id, timeslot_id, and room_name are NULL initially
-- The Timefold solver will assign these values

-- Counter starts at 0 and increments for each assignment
INSERT INTO course_assignment (id, group_id, course_id, sequence_index, teacher_id, timeslot_id, room_name)
SELECT
    'assignment_' || ROW_NUMBER() OVER (ORDER BY g.id, c.id, seq.n) - 1 AS id,
    g.id AS group_id,
    c.id AS course_id,
    seq.n AS sequence_index,
    NULL AS teacher_id,
    NULL AS timeslot_id,
    NULL AS room_name
FROM student_group g
INNER JOIN group_course gc ON g.id = gc.group_id
INNER JOIN course c ON gc.course_name = c.name
CROSS JOIN LATERAL generate_series(0, c.required_hours_per_week - 1) AS seq(n)
ORDER BY g.id, c.id, seq.n;

-- ============================================================================
-- VERIFICATION QUERIES
-- ============================================================================

-- Count summary
SELECT 'Teachers' AS entity, COUNT(*) AS count FROM teacher
UNION ALL
SELECT 'Teacher Qualifications', COUNT(*) FROM teacher_qualification
UNION ALL
SELECT 'Teacher Availability Hours', COUNT(*) FROM teacher_availability
UNION ALL
SELECT 'Courses', COUNT(*) FROM course
UNION ALL
SELECT 'Rooms', COUNT(*) FROM room
UNION ALL
SELECT 'Timeslots', COUNT(*) FROM timeslot
UNION ALL
SELECT 'Student Groups', COUNT(*) FROM student_group
UNION ALL
SELECT 'Group-Course Relationships', COUNT(*) FROM group_course
UNION ALL
SELECT 'Course Assignments', COUNT(*) FROM course_assignment;

-- Sample data verification
SELECT 'Sample Teachers:' AS info;
SELECT id, name, max_hours_per_week FROM teacher LIMIT 5;

SELECT 'Sample Courses:' AS info;
SELECT id, name, room_requirement, required_hours_per_week FROM course LIMIT 5;

SELECT 'Sample Assignments (unassigned):' AS info;
SELECT ca.id, sg.name AS group_name, c.name AS course_name, ca.sequence_index
FROM course_assignment ca
JOIN student_group sg ON ca.group_id = sg.id
JOIN course c ON ca.course_id = c.id
LIMIT 10;

-- ============================================================================
-- END OF DATA LOADING
-- ============================================================================
